Meme Name,Primary Audience,Humor Style,Keywords
0 days without Lenny Simpsons,General Public,Sarcastic,"['failure', 'routine', 'Simpsons', 'Lenny', 'daily']"
1984,Professionals,Witty,"['dystopia', 'surveillance', 'Orwell', 'totalitarian', 'control']"
1984 Calendar,Young Adults,Relatable,"['time', 'year', 'calendar', 'past', 'nostalgia']"
20 minute adventure rick morty,Gen Z,Absurd,"['adventure', 'time limit', 'Rick and Morty', 'cartoon', 'sci-fi']"
2 nickels,General Public,Witty,"['money', 'comparison', 'value', 'coins', 'nickels']"
3D Nerd Emoji,Gen Z,Cringe,"['emoji', 'nerd', '3D', 'glasses', 'geek']"
3 Spiderman Pointing,Millennials,Relatable,"['Spiderman', 'pointing', 'blame', 'accusation', 'confusion']"
4 headed dragon,Gamers,Absurd,"['dragon', 'fantasy', 'heads', 'monster', 'threat']"
4 Spiderman pointing at each other,Gen Z,Relatable,"['Spiderman', 'pointing', 'confusion', 'blame', 'accusation']"
Aaaaand Its Gone,Young Adults,Sarcastic,"['disappearance', 'loss', 'quick', 'sudden', 'unexpected']"
Absolute Cinema,Professionals,Witty,"['cinema', 'movie', 'quality', 'art', 'appreciation']"
achievement unlocked,Gamers,Wholesome,"['achievement', 'success', 'unlock', 'game', 'reward']"
Adam Silver Get Ready To Learn Buddy,Sports Fans,Witty,"['learning', 'preparation', 'Adam Silver', 'advice', 'buddy']"
Afraid To Ask Andy,Millennials,Relatable,"['fear', 'question', 'curiosity', 'ignorance', 'awkward']"
After all why not,General Public,Sarcastic,"['decision', 'why not', 'risk', 'chance', 'doubt']"
AJ Styles Undertaker,Sports Fans,Witty,"['wrestling', 'AJ Styles', 'Undertaker', 'rivalry', 'match']"
albert einstein quotes,Students,Witty,"['Einstein', 'quotes', 'wisdom', 'science', 'inspiration']"
All My Homies Hate,Gen Z,Relatable,"['homies', 'hate', 'dislike', 'group', 'opinion']"
Always Has Been,Millennials,Sarcastic,"['discovery', 'revelation', 'truth', 'shock', 'realization']"
Always you three,Parents,Relatable,"['blame', 'trouble', 'group', 'accusation', 'mischief']"
Amateurs,Gamers,Sarcastic,"['superiority', 'mockery', 'competition', 'disbelief', 'smug']"
am I a joke to you,General Public,Sarcastic,"['disrespect', 'indignation', 'underestimation', 'irony', 'disbelief']"
Am I The Only One Around Here,Millennials,Relatable,"['frustration', 'uniqueness', 'exasperation', 'questioning', 'isolation']"
Ancient Aliens,General Public,Absurd,"['conspiracy', 'alien', 'mystery', 'extraterrestrial', 'theory']"
ANDY DROPPING WOODY,Parents,Witty,"['abandonment', 'priority shift', 'nostalgia', 'change', 'childhood']"
Andy Dwyer Excited,Young Adults,Wholesome,"['excitement', 'joy', 'surprise', 'happiness', 'anticipation']"
and everybody loses their minds,General Public,Sarcastic,"['hypocrisy', 'overreaction', 'double standards', 'chaos', 'inconsistency']"
and I took that personally,General Public,Relatable,"['offense', 'retaliation', 'grudge', 'revenge', 'determination']"
And Just Like That,Millennials,Wholesome,"['transformation', 'change', 'sudden', 'surprise', 'realization']"
Angela scared Dwight,Young Adults,Witty,"['surprise', 'fear', 'prank', 'shock', 'reaction']"
Angry Baby,Parents,Relatable,"['anger', 'infant', 'frustration', 'tantrum', 'cute']"
angry flower,Gen Z,Absurd,"['anger', 'nature', 'unexpected', 'conflict', 'bizarre']"
Angry lady cat,General Public,Relatable,"['argument', 'conflict', 'disagreement', 'tension', 'pets']"
Angry Man pointing at hand,General Public,Sarcastic,"['blame', 'accusation', 'anger', 'confrontation', 'pointing']"
Angry penguin,General Public,Absurd,"['anger', 'animals', 'cute', 'frustration', 'unexpected']"
ANIME BUTTERFLY MEME,Gen Z,Witty,"['misunderstanding', 'confusion', 'illusion', 'misidentification', 'questioning']"
Anime girl buying,Gen Z,Relatable,"['shopping', 'excitement', 'anticipation', 'consumption', 'anime']"
Anime Girl Hiding from Terminator,Gen Z,Absurd,"['fear', 'hiding', 'danger', 'suspense', 'anime']"
Anthony Adams Rubbing Hands,Young Adults,Sarcastic,"['anticipation', 'excitement', 'preparation', 'scheming', 'eagerness']"
Apu takes bullet,General Public,Sarcastic,"['sacrifice', 'bravery', 'protector', 'danger', 'heroic']"
Aragorn Black Gate for Frodo,General Public,Witty,"['Lord of the Rings', 'speech', 'inspiration', 'commitment', 'courage']"
Are they in the room with us right now,Young Adults,Absurd,"['suspicion', 'paranoia', 'invisibility', 'surprise', 'mystery']"
Are we the baddies,General Public,Sarcastic,"['realization', 'evil', 'self-awareness', 'irony', 'confusion']"
Are ya winning son,Gamers,Relatable,"['gaming', 'parent-child relationship', 'misunderstanding', 'generational gap', 'question']"
Army clown,General Public,Absurd,"['military', 'clown', 'paradox', 'nonsense', 'juxtaposition']"
Arm wrestling meme template,Young Adults,Sarcastic,"['competition', 'strength', 'disagreement', 'comparison', 'contradiction']"
Arrested Development how much would a banana cost,Millennials,Witty,"['ignorance', 'wealth', 'disconnect', 'price', 'fruit']"
Arthur Fist,Gen Z,Relatable,"['anger', 'frustration', 'cartoon', 'reaction', 'emotion']"
Assassination chain,Young Adults,Absurd,"['conspiracy', 'surprise', 'cycle', 'betrayal', 'sequence']"
astronaut meme always has been template,Millennials,Sarcastic,"['space', 'revelation', 'betrayal', 'discovery', 'shock']"
Atlas holding Earth,General Public,Witty,"['burden', 'strength', 'mythology', 'responsibility', 'planet']"
At home,Parents,Relatable,"['domestic life', 'comparison', 'expectation', 'reality', 'home']"
Average Fan vs Average Enjoyer,Gen Z,Sarcastic,"['comparison', 'superiority', 'fandom', 'enjoyment', 'judgment']"
A center for ants,Millennials,Witty,"['size', 'misunderstanding', 'mockery', 'scale', 'incredulity']"
A second plane has just hit,General Public,Cringe,"['shock', 'news', 'disaster', 'unexpected', 'tragedy']"
A train hitting a school bus,General Public,Absurd,"['collision', 'disaster', 'unexpected', 'danger', 'transportation']"
babe please,Young Adults,Relatable,"['pleading', 'relationship', 'request', 'desire', 'negotiation']"
Babe It s 4PM time for your,Young Adults,Witty,"['routine', 'relationship', 'timing', 'reminder', 'humor']"
Back In My Day,Parents,Wholesome,"['nostalgia', 'comparison', 'generational gap', 'past', 'storytelling']"
Badass Skeleton,Gen Z,Absurd,"['skeleton', 'cool', 'badass', 'fantasy', 'humor']"
Bad Luck Brian,Millennials,Sarcastic,"['unfortunate', 'awkward', 'misfortune', 'teenager', 'irony']"
Bad Pun Dog,General Public,Witty,"['dog', 'jokes', 'puns', 'humor', 'funny']"
Bart Simpson chalkboard,Millennials,Sarcastic,"['school', 'punishment', 'repetition', 'cartoon', 'irony']"
Bateman walking,Young Adults,Absurd,"['confusion', 'walking', 'celebrity', 'reaction', 'awkward']"
batman signal,General Public,Witty,"['superhero', 'call', 'emergency', 'night', 'comic']"
Batman Slapping Robin,General Public,Sarcastic,"['superhero', 'violence', 'comic', 'disagreement', 'shock']"
Bee Movie Lawyer Tantrum,Gen Z,Absurd,"['movie', 'lawyer', 'tantrum', 'bee', 'outrage']"
Bell Curve,Students,Relatable,"['statistics', 'grades', 'education', 'distribution', 'normal']"
Bender,Millennials,Sarcastic,"['robot', 'futuristic', 'cartoon', 'cynical', 'alcohol']"
Ben affleck smoking,Young Adults,Relatable,"['celebrity', 'smoking', 'stress', 'reaction', 'disbelief']"
Bernie I Am Once Again Asking For Your Support,Young Adults,Sarcastic,"['politics', 'request', 'support', 'campaign', 'repetition']"
Bernie Sanders Once Again Asking,Young Adults,Sarcastic,"['politics', 'request', 'support', 'campaign', 'repetition']"
BEST I CAN DO IS,General Public,Sarcastic,"['negotiation', 'deal', 'bargain', 'discount', 'offer']"
Beyonc√© Tiffany Pollard,Young Adults,Witty,"['celebrity', 'comparison', 'reaction', 'drama', 'entertainment']"
Be Like Bill,General Public,Wholesome,"['behavior', 'example', 'stick figure', 'advice', 'moral']"
Big book small book,Students,Relatable,"['books', 'reading', 'comparison', 'education', 'knowledge']"
Big dog small dog,General Public,Wholesome,"['dogs', 'size', 'comparison', 'cute', 'animals']"
Big thumb guy,Gen Z,Absurd,"['thumbs up', 'giant', 'approval', 'surreal', 'humor']"
big yellow ball and,Gen Z,Absurd,"['ball', 'yellow', 'surreal', 'confusion', 'humor']"
Bike Fall,General Public,Sarcastic,"['accident', 'bicycle', 'fall', 'pain', 'mistake']"
Bilbo Why shouldn't I keep it,General Public,Sarcastic,"['Possession', 'Greed', 'Desire', 'Temptation', 'Lord of the Rings']"
Bill Murray Groundhog Day,Millennials,Absurd,"['Repetition', 'Frustration', 'Time Loop', 'Surreal', 'Comedy']"
Bird Cracker,Gen Z,Wholesome,"['Animals', 'Cute', 'Surprise', 'Joy', 'Innocence']"
Blackjack and Hookers,Young Adults,Sarcastic,"['Defiance', 'Rebellion', 'Futurama', 'Discontent', 'Alternative']"
Black background,General Public,Witty,"['Minimalistic', 'Simple', 'General', 'Versatile', 'Universal']"
Black Box Meme,Gen Z,Relatable,"['Censorship', 'Mystery', 'Hidden', 'Suspense', 'Secret']"
black cat zoning out,Gen Z,Absurd,"['Animals', 'Cute', 'Distracted', 'Funny', 'Daydreaming']"
Black Girl Wat,Young Adults,Sarcastic,"['Confusion', 'Disbelief', 'Surprise', 'Reaction', 'Irony']"
Black guy disappearing,Gen Z,Relatable,"['Vanishing', 'Avoidance', 'Escape', 'Hiding', 'Humorous']"
Black guy hiding behind tree,Gen Z,Relatable,"['Hiding', 'Avoidance', 'Stealth', 'Humorous', 'Escape']"
black guy pointing at head,Gen Z,Witty,"['Smart', 'Idea', 'Thinking', 'Clever', 'Insight']"
black guy stopping,Gen Z,Sarcastic,"['Stopping', 'Prevention', 'Intervention', 'Humorous', 'Reaction']"
Black man crying,Gen Z,Relatable,"['Sad', 'Emotional', 'Crying', 'Tears', 'Upset']"
Black Panther Get this man a shield,General Public,Witty,"['Superhero', 'Marvel', 'Protection', 'Assistance', 'Duty']"
Black Scientist Finally Xium,Professionals,Witty,"['Science', 'Discovery', 'Achievement', 'Relief', 'Success']"
Black White Arms,General Public,Wholesome,"['Unity', 'Friendship', 'Solidarity', 'Togetherness', 'Diversity']"
Blank,General Public,Witty,"['Empty', 'Versatile', 'General', 'Universal', 'Open']"
blank black,General Public,Witty,"['Empty', 'Dark', 'Versatile', 'General', 'Universal']"
blank invincible title card,Young Adults,Witty,"['Superhero', 'Invincible', 'Title Card', 'Versatile', 'Adaptable']"
blank kermit waiting,Millennials,Sarcastic,"['Waiting', 'Patience', 'Muppets', 'Kermit', 'Anticipation']"
Blank Nut Button,General Public,Absurd,"['button', 'decision', 'choice', 'conflict', 'absurdity']"
Blank protest sign,Young Adults,Sarcastic,"['protest', 'sign', 'message', 'opinion', 'satire']"
blank red MAGA hat,General Public,Sarcastic,"['politics', 'hat', 'message', 'satire', 'controversy']"
Blank Tombstone,General Public,Absurd,"['tombstone', 'death', 'end', 'final', 'humor']"
Blank Transparent Square,Gen Z,Witty,"['transparent', 'square', 'blank', 'creative', 'imagination']"
Blank Trophy,Students,Wholesome,"['trophy', 'achievement', 'success', 'reward', 'recognition']"
Blank T Shirt,Millennials,Relatable,"['t-shirt', 'message', 'clothing', 'express', 'personal']"
Blank White Template,General Public,Witty,"['blank', 'template', 'canvas', 'creative', 'potential']"
Blank Wild Pokemon Appears,Gamers,Absurd,"['pokemon', 'surprise', 'game', 'encounter', 'unexpected']"
Blue Grinch,General Public,Sarcastic,"['grinch', 'disapproval', 'sarcasm', 'dislike', 'criticism']"
Boardroom Meeting Suggestion,Professionals,Witty,"['meeting', 'suggestion', 'disagreement', 'office', 'professional']"
Body is a Machine,Young Adults,Relatable,"['body', 'machine', 'health', 'fitness', 'humor']"
Borat 2 Tonight Queen,Millennials,Absurd,"['Borat', 'queen', 'anticipation', 'excitement', 'movie']"
Born Died Welcome Back,Young Adults,Sarcastic,"['birth', 'death', 'cycle', 'sarcasm', 'reincarnation']"
Both Buttons Pressed,General Public,Relatable,"['buttons', 'decision', 'conflict', 'dilemma', 'pressure']"
Brace Yourselves X is Coming,General Public,Witty,"['anticipation', 'warning', 'preparation', 'event', 'forecast']"
braveheart freedom,Young Adults,Sarcastic,"['freedom', 'braveheart', 'battle', 'resistance', 'defiance']"
breaking bad,Young Adults,Sarcastic,"['Breaking Bad', 'TV show', 'drama', 'crime', 'conflict']"
breaking bad smile frown,Young Adults,Relatable,"['Breaking Bad', 'emotion', 'duality', 'contrast', 'reaction']"
Breaking News template,General Public,Witty,"['news', 'announcement', 'headline', 'media', 'report']"
Bro explaining,Gen Z,Sarcastic,"['explanation', 'misunderstanding', 'dialogue', 'ignorance', 'patronizing']"
Bro Please Bro,Gen Z,Absurd,"['pleading', 'desperation', 'hyperbole', 'exaggeration', 'drama']"
Bro visited his friend,Gen Z,Relatable,"['friendship', 'visit', 'unexpected', 'surprise', 'social interaction']"
Buddy Christ,General Public,Sarcastic,"['religion', 'jesus', 'thumbs up', 'cheerful', 'irony']"
Buff Doge vs Cheems,Gen Z,Witty,"['comparison', 'contrast', 'dogs', 'strength', 'weakness']"
Bugs bunny communist,Millennials,Absurd,"['communism', 'cartoon', 'politics', 'satire', 'propaganda']"
Bugs bunny I wish all empty template,Gen Z,Wholesome,"['wishes', 'cartoon', 'positivity', 'kindness', 'generosity']"
Bugs Bunny no,Gen Z,Sarcastic,"['refusal', 'rejection', 'cartoon', 'disapproval', 'negation']"
Burning House Girl,Millennials,Cringe,"['disaster', 'smiling', 'house', 'fire', 'indifference']"
Burning Money,Young Adults,Sarcastic,"['waste', 'money', 'flames', 'reckless', 'financial loss']"
Butterfly man,Millennials,Witty,"['misidentification', 'butterfly', 'confusion', 'misunderstanding', 'nature']"
But it was me Dio,Gamers,Absurd,"['anime', 'surprise', 'betrayal', 'deception', 'villain']"
But That s None Of My Business,Young Adults,Sarcastic,"['indifference', 'tea', 'judgment', 'observation', 'gossip']"
Buzz And Woody,General Public,Relatable,"['disbelief', 'toys', 'cartoon', 'surprise', 'friendship']"
Buzz lightyear clones,General Public,Witty,"['clones', 'surprise', 'toys', 'repetition', 'multiplication']"
Call an ambulance but not for me,Gen Z,Witty,"['surprise', 'ambulance', 'trickery', 'reversal', 'conflict']"
captain america so you,Millennials,Sarcastic,"['judgment', 'superhero', 'accusation', 'recognition', 'confrontation']"
Captain Kirk Khan,Professionals,Witty,"['anger', 'sci-fi', 'shouting', 'frustration', 'rivalry']"
Captain Phillips   I m The Captain Now,Young Adults,Sarcastic,"['authority', 'control', 'dominance', 'assertion', 'leadership']"
Captain Picard Facepalm,Professionals,Sarcastic,"['disappointment', 'facepalm', 'frustration', 'disbelief', 'sci-fi']"
Cars Passing Each Other,General Public,Relatable,"['driving', 'misunderstanding', 'comparison', 'contrast', 'rivalry']"
Car Drift Meme,Gen Z,Absurd,"['car', 'drifting', 'unexpected', 'surprise', 'drama']"
Car drives off of cliff improved,Young Adults,Absurd,"['car', 'cliff', 'danger', 'risk', 'irony']"
Car Salesman Slaps Roof Of Car,Millennials,Sarcastic,"['salesman', 'exaggeration', 'selling', 'deal', 'persuasion']"
Cat looks inside,General Public,Wholesome,"['cat', 'curiosity', 'discovery', 'surprise', 'innocence']"
Cat newspaper,General Public,Witty,"['cat', 'reading', 'news', 'surprise', 'judgment']"
Chad Richard,Gen Z,Cringe,"['comparison', 'contrast', 'stereotypes', 'alpha', 'beta']"
Change My Mind,Students,Sarcastic,"['debate', 'opinion', 'challenge', 'stubborn', 'disagreement']"
Change My Mind tilt corrected,Students,Sarcastic,"['debate', 'opinion', 'challenge', 'stubborn', 'disagreement']"
Chapelle crack,Young Adults,Absurd,"['addiction', 'desperation', 'exaggeration', 'obsession', 'craving']"
Charlie Conspiracy Always Sunny in Philidelphia,Millennials,Absurd,"['conspiracy', 'theory', 'paranoia', 'overthinking', 'obsession']"
Charlie Day,Millennials,Relatable,"['confusion', 'overwhelm', 'stress', 'work', 'anxiety']"
Chef Skinner Reading a Letter,General Public,Witty,"['reading', 'letter', 'surprise', 'disbelief', 'reaction']"
Children scared of rabbit,Parents,Wholesome,"['children', 'fear', 'rabbit', 'surprise', 'innocence']"
Chill guy,Young Adults,Relatable,"['relaxed', 'unbothered', 'calm', 'cool', 'content']"
Church gun,Professionals,Sarcastic,"['church', 'gun', 'conflict', 'irony', 'unexpected']"
Church Sniper,Professionals,Absurd,"['church', 'sniper', 'danger', 'unexpected', 'irony']"
Clippy,Millennials,Witty,"['microsoft', 'assistant', 'help', 'annoyance', 'nostalgia']"
Clown Applying Makeup,Gen Z,Sarcastic,"['clown', 'makeup', 'preparation', 'self-deception', 'irony']"
Clown Makeup slander,Gen Z,Cringe,"['clown', 'makeup', 'slander', 'insult', 'ridicule']"
cmon do something,Young Adults,Sarcastic,"['impatience', 'procrastination', 'boredom', 'anticipation', 'frustration']"
cnn breaking news template,General Public,Sarcastic,"['news', 'media', 'satire', 'pseudonews', 'headline']"
Coffin Dance,Gen Z,Absurd,"['funeral', 'dance', 'Ghana', 'celebration', 'irony']"
Community Fire Pizza Meme,Young Adults,Relatable,"['chaos', 'denial', 'disaster', 'indifference', 'TV show']"
Confession Bear,Millennials,Wholesome,"['confession', 'guilt', 'secrets', 'regret', 'admission']"
Confused Gandalf,Young Adults,Relatable,"['confusion', 'forgetfulness', 'questioning', 'LOTR', 'bewilderment']"
Confused John Travolta Pulp Fiction,Millennials,Relatable,"['confusion', 'uncertainty', 'bewilderment', 'movie', 'mystery']"
Confused Math Lady,Students,Relatable,"['confusion', 'math', 'problem solving', 'bewilderment', 'complexity']"
Confused Monkey,Gen Z,Relatable,"['confusion', 'bewilderment', 'animal', 'uncertainty', 'questioning']"
Corporate needs you to find the differences,Professionals,Sarcastic,"['comparison', 'indifference', 'workplace', 'management', 'irony']"
corporate wants you to find the difference,Professionals,Sarcastic,"['comparison', 'indifference', 'workplace', 'management', 'irony']"
couple in bed,Young Adults,Relatable,"['relationship', 'misunderstanding', 'couple', 'bedtime', 'thoughts']"
Crab Rave,Gen Z,Absurd,"['celebration', 'crabs', 'dance', 'music', 'party']"
Creepy Condescending Wonka,Millennials,Sarcastic,"['condescension', 'sarcasm', 'movie', 'irony', 'taunt']"
cross eyed spongebob,Gen Z,Cringe,"['mockery', 'spongebob', 'cartoon', 'absurd', 'ridiculous']"
Crying cat,Gen Z,Wholesome,"['sadness', 'cat', 'tears', 'emotional', 'animal']"
crying girl dancing guy,Young Adults,Relatable,"['contrast', 'party', 'emotion', 'dance', 'tears']"
Crying Hulk,Young Adults,Relatable,"['sadness', 'superhero', 'tears', 'emotion', 'Hulk']"
crying michael jordan,Millennials,Sarcastic,"['sadness', 'tears', 'sports', 'emotion', 'basketball']"
crying wojak vs chad,Gen Z,Cringe,"['contrast', 'emotion', 'tears', 'internet culture', 'comparison']"
Cuphead Flower,Gamers,Absurd,"['video game', 'boss battle', 'challenge', 'funny', 'cartoon']"
Cute Cat,General Public,Wholesome,"['adorable', 'animals', 'joy', 'happiness', 'pets']"
c mon do something,Young Adults,Sarcastic,"['impatient', 'expectation', 'frustration', 'waiting', 'boredom']"
Dabbing Dude,Gen Z,Cringe,"['dab', 'dance move', 'trend', 'youth culture', 'silly']"
dad belt template,Parents,Relatable,"['discipline', 'parenting', 'old school', 'punishment', 'childhood']"
Dancing monkeys,General Public,Wholesome,"['joy', 'fun', 'celebration', 'animals', 'happiness']"
Darth Vader,Millennials,Witty,"['star wars', 'sci-fi', 'villain', 'iconic', 'movie']"
dave chappelle,Young Adults,Sarcastic,"['comedian', 'satire', 'social commentary', 'funny', 'pop culture']"
DBZ FUSION,Millennials,Absurd,"['anime', 'Dragon Ball Z', 'transformation', 'power up', 'action']"
Dean Norris s reaction,Young Adults,Relatable,"['surprise', 'shock', 'reaction', 'drama', 'TV show']"
death knocking at the door,General Public,Sarcastic,"['mortality', 'fear', 'dark humor', 'unexpected', 'grim reaper']"
Deep Thoughts,Students,Witty,"['philosophy', 'contemplation', 'introspection', 'wisdom', 'pondering']"
Did you mean,Professionals,Witty,"['search engine', 'typo', 'misunderstanding', 'internet', 'correction']"
Dinkleberg,Millennials,Sarcastic,"['cartoon', 'Fairly Odd Parents', 'blame', 'neighbor', 'TV show']"
disappearing,Gen Z,Absurd,"['vanishing', 'sudden', 'unexpected', 'surprise', 'disappearance']"
Disappearing kid gif,Gen Z,Absurd,"['child', 'vanishing', 'funny', 'unexpected', 'sudden']"
Disappointed Black Guy,Millennials,Relatable,"['letdown', 'anticipation', 'expectations', 'reality', 'frustration']"
Disappointed Man,Young Adults,Relatable,"['anticipation', 'letdown', 'expectations', 'reality', 'frustration']"
Disappointed Muhammad Sarim Akhtar,Millennials,Relatable,"['cricket', 'letdown', 'anticipation', 'expectations', 'frustration']"
Disaster Girl,General Public,Sarcastic,"['fire', 'chaos', 'destruction', 'innocence', 'mischief']"
Disloyal Boyfriend,Young Adults,Relatable,"['infidelity', 'temptation', 'girlfriend', 'distraction', 'desire']"
Distracted Boyfriend,Millennials,Relatable,"['infidelity', 'temptation', 'girlfriend', 'distraction', 'desire']"
dj khaled suffering from success meme,Gen Z,Sarcastic,"['success', 'pain', 'irony', 'celebrity', 'overachievement']"
Doctor Fate,Gamers,Witty,"['superhero', 'magic', 'power', 'destiny', 'justice']"
Doge,General Public,Wholesome,"['dog', 'shiba inu', 'cute', 'funny', 'internet']"
Dog on fire,Millennials,Sarcastic,"['dog', 'fire', 'chaos', 'denial', 'calm']"
dog vs werewolf,Gen Z,Absurd,"['dog', 'werewolf', 'comparison', 'contrast', 'humor']"
Domino Effect,Professionals,Witty,"['cause', 'effect', 'consequence', 'chain reaction', 'outcome']"
Donald Trump,General Public,Sarcastic,"['president', 'politics', 'celebrity', 'controversial', 'leader']"
Donald trump approves,General Public,Sarcastic,"['president', 'politics', 'approval', 'endorsement', 'leader']"
Donald Trump Mugshot,General Public,Sarcastic,"['president', 'politics', 'crime', 'controversial', 'leader']"
Don Draper Whiteboard,Professionals,Witty,"['advertising', 'ideas', 'creativity', 'business', 'presentation']"
Don t make me tap the sign,Parents,Sarcastic,"['rules', 'reminder', 'warning', 'instruction', 'annoyance']"
Don t You Squidward,Gen Z,Relatable,"['cartoon', 'spongebob', 'recognition', 'accusation', 'denial']"
Doof If I had a Nickel,Gen Z,Sarcastic,"['irony', 'repetition', 'unusual situations', 'cartoon', 'unexpected']"
Doomguy,Gamers,Absurd,"['video games', 'violence', 'contrast', 'unimpressed', 'heroic']"
Do all the things,Young Adults,Relatable,"['overwhelm', 'productivity', 'stress', 'tasks', 'exaggeration']"
Drakeposting,Millennials,Witty,"['preferences', 'comparison', 'celebrity', 'disapproval', 'approval']"
Drake Josh Megan,Gen Z,Sarcastic,"['blame', 'surprise', 'television show', 'pranks', 'siblings']"
drowning kid in the pool,Gen Z,Absurd,"['ignorance', 'danger', 'neglect', 'irony', 'contrast']"
drowning kid skeleton,Gen Z,Absurd,"['death', 'delay', 'neglect', 'irony', 'dark humor']"
Dr Evil Laser,Millennials,Sarcastic,"['threat', 'overkill', 'movie reference', 'exaggeration', 'villain']"
Dwight Schrute,Young Adults,Witty,"['workplace', 'seriousness', 'misunderstanding', 'television show', 'literal']"
DW Sign Won t Stop Me Because I Can t Read,Gen Z,Sarcastic,"['ignorance', 'defiance', 'cartoon', 'rebellion', 'rules']"
Eddie Murphy thinking,General Public,Witty,"['pondering', 'celebrity', 'realization', 'suspicion', 'doubt']"
elmo cocaine,Young Adults,Absurd,"['drugs', 'cartoon', 'parody', 'alter ego', 'dark humor']"
elmo fire,Gen Z,Absurd,"['chaos', 'disaster', 'cartoon', 'indifference', 'catastrophe']"
elmo nuclear explosion,Gen Z,Absurd,"['destruction', 'apocalypse', 'cartoon', 'indifference', 'catastrophe']"
Empty Stonks,Professionals,Sarcastic,"['finance', 'loss', 'business', 'failure', 'stock market']"
Epic Handshake,General Public,Wholesome,"['agreement', 'unity', 'strength', 'celebration', 'cooperation']"
Ermahgerd Berks,Millennials,Cringe,"['excitement', 'books', 'overreaction', 'fangirl', 'mispronunciation']"
es de mi agrado informarles,Spanish speakers,Sarcastic,"['announcement', 'formality', 'irony', 'news', 'sarcasm']"
even harder,Young Adults,Relatable,"['effort', 'struggle', 'determination', 'challenge', 'perseverance']"
Everywhere I go I see his face,Gen Z,Relatable,"['obsession', 'presence', 'haunting', 'movie reference', 'longing']"
Evil Kermit,Millennials,Sarcastic,"['inner conflict', 'temptation', 'duality', 'self-talk', 'humor']"
Evil Toddler,Parents,Sarcastic,"['children', 'mischief', 'naughty', 'funny', 'innocence']"
Ew i stepped in shit,Gen Z,Cringe,"['disgust', 'avoidance', 'dislike', 'negative', 'reaction']"
Executive Order Trump,General Public,Witty,"['politics', 'presidential', 'declaration', 'mockery', 'satire']"
Face You Make Robert Downey Jr,Young Adults,Sarcastic,"['disbelief', 'skepticism', 'reaction', 'surprise', 'sarcasm']"
Fairly odd parents,Gen Z,Absurd,"['cartoon', 'magic', 'wish', 'fantasy', 'comedy']"
Fake search,Millennials,Witty,"['internet', 'misdirection', 'surprise', 'search engine', 'humor']"
family guy louis pills,Young Adults,Absurd,"['cartoon', 'confusion', 'mistake', 'surprise', 'comedy']"
Fancy Winnie The Pooh Meme,Millennials,Wholesome,"['classy', 'upgrade', 'humor', 'cartoon', 'sophistication']"
Fantasy Painting,General Public,Witty,"['art', 'fantasy', 'epic', 'imagination', 'humor']"
Farquaad Pointing,Millennials,Sarcastic,"['accusation', 'mockery', 'cartoon', 'humor', 'blame']"
Fast Flash,Gamers,Relatable,"['speed', 'superhero', 'quick', 'race', 'humor']"
fast guy explaining,Students,Relatable,"['explanation', 'quick', 'rush', 'knowledge', 'humor']"
fat guy drinking water,Young Adults,Cringe,"['hydration', 'effort', 'struggle', 'humor', 'relatable']"
Feels Good Man,Gen Z,Wholesome,"['satisfaction', 'joy', 'contentment', 'happiness', 'relief']"
Feel like pure shit,Young Adults,Relatable,"['sadness', 'regret', 'loneliness', 'despair', 'emotion']"
Fernanfloo Dresses Up,Gamers,Absurd,"['gaming', 'costume', 'character', 'funny', 'streamer']"
FINALLY,General Public,Relatable,"['achievement', 'relief', 'completion', 'success', 'patience']"
Finally inner peace,Young Adults,Wholesome,"['calm', 'tranquility', 'satisfaction', 'relief', 'meditation']"
Finding Nemo Seagulls,General Public,Absurd,"['repetition', 'greed', 'cartoon', 'funny', 'birds']"
First rule of the Fight Club,Young Adults,Sarcastic,"['secrecy', 'rules', 'movie reference', 'rebellion', 'cult classic']"
first time,Gen Z,Relatable,"['inexperience', 'naivety', 'situational', 'surprise', 'youth']"
First World Problems,Millennials,Sarcastic,"['privilege', 'complaints', 'trivial problems', 'irony', 'wealth']"
Flex Tape,Gen Z,Absurd,"['solution', 'overkill', 'infomercial', 'exaggeration', 'repair']"
floating boy chasing running boy,Gen Z,Absurd,"['pursuit', 'fear', 'chase', 'surreal', 'imminent danger']"
For Dummies,General Public,Witty,"['instruction', 'simplicity', 'learning', 'mockery', 'book cover']"
Funeral,Young Adults,Sarcastic,"['death', 'celebration', 'dark humor', 'unexpected', 'party']"
Futurama Fry,Millennials,Relatable,"['confusion', 'decision', 'dilemma', 'cartoon', 'uncertainty']"
Futurama Zero Days Since Last Blank,Millennials,Sarcastic,"['failure', 'mistakes', 'countdown', 'cartoon', 'workplace']"
Futuristic Utopia,Gen Z,Wholesome,"['future', 'progress', 'optimism', 'technology', 'ideal world']"
F dinosaur,Gamers,Absurd,"['dinosaur', 'respect', 'video game', 'tribute', 'press F']"
Gabe shut up about the sun,Young Adults,Sarcastic,"['annoyance', 'obsession', 'office', 'dismissal', 'TV show']"
Gentleman frog,Gen Z,Wholesome,"['frog', 'kindness', 'gentleman', 'polite', 'courtesy']"
genuinely tweaking skeleton,Gen Z,Absurd,"['skeleton', 'panic', 'anxiety', 'overreaction', 'freak out']"
Geordi Drake,Millennials,Witty,"['comparison', 'preference', 'Star Trek', 'TV show', 'Drake']"
George Bush 9 11,Young Adults,Sarcastic,"['politics', 'tragedy', 'president', '9/11', 'controversy']"
Get in Loser We re Going Shopping,Millennials,Relatable,"['shopping', 'movie quote', 'Mean Girls', 'friendship', 'spontaneity']"
Giant vs man,Gen Z,Absurd,"['comparison', 'underdog', 'challenge', 'size difference', 'battle']"
Gigachad vs virgin,Young Adults,Cringe,"['comparison', 'masculinity', 'internet culture', 'stereotypes', 'extremes']"
Girl Putting Tuba on Girl s Head,Students,Absurd,"['prank', 'music', 'unexpected', 'school', 'funny']"
girl running,General Public,Relatable,"['escape', 'chase', 'panic', 'hurry', 'stress']"
Going to need a bigger boat,Professionals,Sarcastic,"['underprepared', 'challenge', 'overwhelmed', 'movie quote', 'unexpected problem']"
Gollum,General Public,Witty,"['obsession', 'desire', 'fantasy', 'movie character', 'greed']"
Good Fellas Hilarious,Young Adults,Sarcastic,"['laughter', 'irony', 'mockery', 'movie scene', 'gangsters']"
Goose Chase,General Public,Absurd,"['pursuit', 'chaos', 'animals', 'funny', 'confusion']"
gotta be one of my favorite genders,Gen Z,Witty,"['gender', 'identity', 'diversity', 'acceptance', 'modern']"
Go and get the guitar,General Public,Relatable,"['music', 'entertainment', 'party', 'talent', 'show-off']"
Go Fund Me,Young Adults,Sarcastic,"['crowdfunding', 'money', 'donation', 'financial help', 'internet culture']"
Grandma Finds The Internet,Parents,Relatable,"['technology', 'confusion', 'generation gap', 'internet', 'elderly']"
Grandpa Simpson Hat,General Public,Witty,"['exit', 'avoidance', 'cartoon', 'awkward situation', 'disappearance']"
Grant Gustin over grave,Young Adults,Sarcastic,"['mourning', 'loss', 'television scene', 'drama', 'regret']"
Gravestone,General Public,Sarcastic,"['death', 'end', 'final', 'mortality', 'epitaph']"
Greedy Pipe Man,General Public,Absurd,"['greed', 'excess', 'gluttony', 'funny', 'cartoon']"
Grim Reaper Claw Machine,General Public,Witty,"['death', 'game', 'chance', 'fate', 'unpredictable']"
Grim Reaper Knocking Door,General Public,Sarcastic,"['death', 'surprise', 'fear', 'unexpected', 'grim']"
Grumpy Cat,General Public,Sarcastic,"['animal', 'displeasure', 'grumpy', 'cat', 'mood']"
Gru Gun,Young Adults,Absurd,"['threat', 'cartoon', 'weapon', 'humor', 'danger']"
GTA 5 Franklin and his dog Chop,Gamers,Relatable,"['video game', 'friendship', 'dog', 'adventure', 'companion']"
Guess I ll die,General Public,Sarcastic,"['resignation', 'defeat', 'hopeless', 'surrender', 'despair']"
Gunna Fire Writing,Millennials,Witty,"['creative', 'irony', 'danger', 'unexpected', 'writing']"
Gus Fring we are not the same,Young Adults,Sarcastic,"['superiority', 'difference', 'disagreement', 'assertive', 'conflict']"
Guy in corner of party,Gen Z,Relatable,"['introvert', 'social anxiety', 'party', 'isolation', 'awkwardness']"
Guy in the suit,Professionals,Sarcastic,"['business', 'formal', 'professional', 'corporate', 'irony']"
Guy posing in front of grave,Gen Z,Absurd,"['death', 'insensitivity', 'pose', 'disrespect', 'shock']"
Guy recording a fight,Gen Z,Cringe,"['voyeurism', 'conflict', 'indifference', 'spectator', 'violence']"
Guy smoking while two people fight,Young Adults,Sarcastic,"['indifference', 'conflict', 'relaxation', 'irony', 'disinterest']"
Guy talking to girl in club,Young Adults,Relatable,"['flirting', 'miscommunication', 'nightlife', 'attraction', 'conversation']"
Guy tapping head,Millennials,Witty,"['smart', 'idea', 'strategy', 'intelligence', 'solution']"
Hand clasping,General Public,Wholesome,"['unity', 'agreement', 'cooperation', 'friendship', 'solidarity']"
Hans Landa hiding enemies of the state,Professionals,Witty,"['deception', 'danger', 'suspense', 'intrigue', 'secrecy']"
Happy dolphin rainbow,General Public,Wholesome,"['joy', 'nature', 'beauty', 'positivity', 'happiness']"
Happy sad,Gen Z,Relatable,"['emotion', 'confusion', 'duality', 'feelings', 'contrast']"
Happy Star Congratulations,Parents,Wholesome,"['celebration', 'achievement', 'congratulations', 'joy', 'recognition']"
Happy Shock,Young Adults,Absurd,"['surprise', 'joy', 'unexpected', 'reaction', 'astonishment']"
Hard To Swallow Pills,Millennials,Sarcastic,"['truth', 'acceptance', 'reality', 'medicine', 'denial']"
Hector,Gamers,Absurd,"['character', 'video game', 'adventure', 'fantasy', 'roleplay']"
help me obi wan,Millennials,Witty,"['sci-fi', 'help', 'desperation', 'Star Wars', 'plea']"
Here it comes,Gen Z,Absurd,"['anticipation', 'surprise', 'expectation', 'excitement', 'foreboding']"
Here Lies Spongebob Tombstone,Gen Z,Cringe,"['death', 'cartoon', 'Spongebob', 'end', 'grave']"
Here s Johnny,General Public,Absurd,"['horror', 'movie reference', 'surprise', 'intensity', 'fear']"
Here we go again,Millennials,Relatable,"['repetition', 'frustration', 'resignation', 'cycle', 'routine']"
he man skeleton advices,Gen Z,Witty,"['cartoon', 'advice', 'sarcasm', 'retro', 'wisdom']"
He s probably thinking about girls,Young Adults,Sarcastic,"['relationship', 'misunderstanding', 'gender stereotype', 'distraction', 'daydreaming']"
He was a boy  she was a girl,Millennials,Relatable,"['song lyrics', 'romance', 'miscommunication', 'simplicity', 'misunderstanding']"
Hide the Pain Harold,Millennials,Relatable,"['discomfort', 'pretense', 'smiling', 'pain', 'denial']"
Hold fart,Gen Z,Cringe,"['awkward', 'embarrassment', 'tension', 'self-control', 'anxiety']"
Homer disappears into bush,Millennials,Relatable,"['escape', 'avoidance', 'disappearance', 'awkwardness', 'cartoon']"
Homer Simpson sleeping peacefully,Millennials,Relatable,"['relaxation', 'peace', 'ignorance', 'bliss', 'cartoon']"
honey it s time to x,Young Adults,Wholesome,"['routine', 'couple', 'reminder', 'task', 'home life']"
Horse Drawing,Gen Z,Witty,"['progress', 'effort', 'comparison', 'creativity', 'disappointment']"
How could they have done this,Gen Z,Sarcastic,"['outrage', 'disbelief', 'betrayal', 'drama', 'exaggeration']"
huell money,Young Adults,Absurd,"['wealth', 'excitement', 'greed', 'tv show reference', 'satisfaction']"
Hulk,Gamers,Absurd,"['strength', 'anger', 'transformation', 'comic', 'superhero']"
Hulk Taco,General Public,Witty,"['food', 'generosity', 'comic', 'superhero', 'kindness']"
hypnosis,General Public,Absurd,"['control', 'illusion', 'trance', 'manipulation', 'power']"
Hypnotize,General Public,Absurd,"['trance', 'control', 'suggestion', 'manipulation', 'mesmerize']"
iceberg,Students,Witty,"['hidden', 'depth', 'discovery', 'mystery', 'danger']"
if i had a nickel for everytime,Millennials,Sarcastic,"['repetition', 'frustration', 'rich', 'annoyance', 'common']"
Illusion of free choice,Professionals,Sarcastic,"['decision', 'control', 'manipulation', 'freedom', 'illusion']"
Imagination Spongebob,Gen Z,Absurd,"['fantasy', 'exaggeration', 'spongebob', 'imagination', 'cartoon', 'dreaming', 'ironic', 'mockery']"
Impractical Jokers,Young Adults,Relatable,"['pranks', 'tv show', 'reality', 'challenges', 'comedy', 'friendship', 'awkward situations']"
Impressive very nice,General Public,Sarcastic,"['approval', 'sarcasm', 'mockery', 'compliment', 'irony', 'exaggeration']"
Im gonna say it,Gen Z,Witty,"['declaration', 'boldness', 'confession', 'revelation', 'shock', 'surprise']"
Insane Peter,Millennials,Absurd,"['madness', 'cartoon', 'family guy', 'overreaction', 'crazy', 'exaggeration']"
Interstellar Smoking,Young Adults,Absurd,"['space', 'smoking', 'interstellar', 'movie scene', 'irony', 'paradox']"
"In terms of money, we have no money",Students,Relatable,"['poverty', 'broke', 'moneyless', 'financial struggle', 'irony', 'reality']"
is calling you,General Public,Witty,"['phone call', 'communication', 'attention', 'disturbance', 'urgent', 'surprise']"
Is Fortnite Actually Overrated,Gamers,Sarcastic,"['gaming', 'fortnite', 'debate', 'controversy', 'opinion', 'overrated']"
Is this a bird,Gen Z,Absurd,"['confusion', 'misinterpretation', 'cartoon', 'animals', 'ignorance', 'mistake']"
is this butterfly,Gen Z,Absurd,"['confusion', 'misinterpretation', 'cartoon', 'insects', 'ignorance', 'mistake']"
Its Not Going To Happen,Millennials,Sarcastic,"['denial', 'rejection', 'disappointment', 'impossibility', 'hopeless', 'unrealistic']"
"It ain't much, but it's honest work",Young Adults,Wholesome,"['hard work', 'modesty', 'satisfaction', 'humble', 'appreciation', 'contentment']"
It can't hurt you,Gen Z,Sarcastic,"['fear', 'denial', 'reassurance', 'mockery', 'irony', 'disbelief']"
It's been 84 years,Millennials,Relatable,"['time', 'waiting', 'longevity', 'patience', 'exaggeration', 'age']"
I am going to create an environment that is so toxic,Young Adults,Sarcastic,"['toxicity', 'environment', 'hostility', 'conflict', 'irony', 'threat']"
I am once again asking,General Public,Relatable,"['request', 'repetition', 'begging', 'persistence', 'pleading', 'politician']"
I am the one who knocks,Young Adults,Witty,"['confidence', 'dominance', 'threat', 'intimidation', 'power', 'control']"
I believe in supremacy,Professionals,Sarcastic,"['belief', 'supremacy', 'superiority', 'confidence', 'dominance', 'control']"
I Bet He's Thinking About Other Women,Young Adults,Relatable,"['jealousy', 'misunderstanding', 'relationship', 'assumption', 'thoughts', 'distrust']"
I can has cheezburger cat,General Public,Absurd,"['cats', 'cheeseburger', 'funny animals', 'cute', 'internet culture']"
i don t always,Young Adults,Sarcastic,"['dos equis', 'sophistication', 'irony', 'exaggeration', 'rarity']"
I don t care if you win  I just need X to lose,Young Adults,Relatable,"['competition', 'schadenfreude', 'rivalry', 'loss', 'winning']"
I don t think about you at all Mad Men,Professionals,Witty,"['indifference', 'dismissal', 'retro', 'confidence', 'drama']"
I don t want to play with you anymore,Gen Z,Relatable,"['toys', 'rejection', 'childhood', 'disinterest', 'animation']"
I hate the Antichrist,Millennials,Absurd,"['supernatural', 'demon', 'horror', 'paranormal', 'hatred']"
I just think they re neat,General Public,Wholesome,"['simplicity', 'appreciation', 'innocence', 'joy', 'enthusiasm']"
I ll Just Wait Here,Students,Sarcastic,"['waiting', 'patience', 'frustration', 'loneliness', 'delay']"
I love the smell of napalm in the morning,Professionals,Witty,"['war', 'morning', 'smell', 'irony', 'movie quotes']"
I m in Danger   blank place above,Gen Z,Relatable,"['danger', 'anxiety', 'risk', 'cartoon', 'fear']"
I m The Captain Now,Young Adults,Sarcastic,"['leadership', 'authority', 'control', 'power', 'dominance']"
I m tired boss,Professionals,Relatable,"['exhaustion', 'work', 'stress', 'fatigue', 'overworked']"
I said we sad today,Gen Z,Relatable,"['sadness', 'emotions', 'mood', 'depression', 'melancholy']"
I See Dead People,Millennials,Cringe,"['supernatural', 'horror', 'fear', 'paranormal', 'movie quotes']"
I Should Buy A Boat Cat,Millennials,Wholesome,"['cats', 'daydreaming', 'aspiration', 'funny animals', 'decisions']"
i sleep real shit,Gen Z,Sarcastic,"['indifference', 'sleep', 'disinterest', 'apathy', 'unimpressed']"
I think I forgot something,Students,Relatable,"['forgetfulness', 'anxiety', 'stress', 'memory', 'mistake']"
I think i might miss my wife  blank,Young Adults,Cringe,"['longing', 'relationship', 'absence', 'love', 'missing']"
I ve only had Arlo for a day and a half,General Public,Wholesome,"['attachment', 'pets', 'love', 'care', 'quick bond']"
I Was Told There Would Be,Professionals,Sarcastic,"['expectation', 'disappointment', 'anticipation', 'misinformation', 'promise']"
I wish all x a very y,Gen Z,Sarcastic,"['wishes', 'irony', 'customizable', 'reaction', 'mockery']"
Jack Sparrow Being Chased,General Public,Absurd,"['chase', 'overwhelm', 'Pirates of the Caribbean', 'panic', 'escape']"
Jack Torrance axe shining,Young Adults,Absurd,"['horror', 'The Shining', 'surprise', 'intrusion', 'intensity']"
James Franco First Time,Millennials,Sarcastic,"['novice', 'experience', 'mockery', 'initiation', 'naivety']"
Jarvis,Gamers,Witty,"['AI', 'Iron Man', 'technology', 'command', 'response']"
Jarvis Template,Gamers,Witty,"['AI', 'Iron Man', 'technology', 'command', 'response']"
Jason Momoa Henry Cavill Meme,Young Adults,Relatable,"['celebrities', 'friendship', 'contrast', 'admiration', 'interaction']"
Jay Inbetweeners Completed It,Millennials,Sarcastic,"['achievement', 'bragging', 'overconfidence', 'exaggeration', 'boasting']"
Jealous Girlfriend,Young Adults,Relatable,"['jealousy', 'relationship', 'distraction', 'desire', 'betrayal']"
Jesse WTF are you talking about,Millennials,Sarcastic,"['confusion', 'misunderstanding', 'Breaking Bad', 'disbelief', 'ridicule']"
jesus watcha doin,General Public,Wholesome,"['Jesus', 'curiosity', 'innocence', 'question', 'spiritual']"
Jim Halpert Explains,Professionals,Witty,"['explanation', 'The Office', 'sarcasm', 'presentation', 'clarification']"
Jim Halpert Pointing to Whiteboard,Professionals,Witty,"['presentation', 'The Office', 'pointing', 'explanation', 'instruction']"
John Cena confuses,General Public,Absurd,"['confusion', 'John Cena', 'misunderstanding', 'surprise', 'bewilderment']"
John Daly and Tiger Woods,General Public,Relatable,"['golf', 'celebrities', 'contrast', 'comparison', 'sports']"
Jojo s Walk,Gen Z,Absurd,"['anime', ""Jojo's Bizarre Adventure"", 'dramatic', 'entrance', 'swagger']"
Judgemental Volturi,Millennials,Sarcastic,"['Twilight', 'judgment', 'disapproval', 'superiority', 'criticism']"
Jump on Rake,General Public,Absurd,"['accident', 'surprise', 'pain', 'mistake', 'slapstick']"
Keep Calm And Carry On Red,Professionals,Wholesome,"['motivation', 'calmness', 'perseverance', 'encouragement', 'resilience']"
Kermit sipping tea,Millennials,Sarcastic,"['judgment', 'Kermit', 'tea', 'gossip', 'indifference']"
kermit window,Millennials,Sarcastic,"['reflection', 'introspection', 'duality', 'self-talk', 'inner thoughts']"
Kirby eating,Gamers,Absurd,"['consumption', 'absorption', 'overwhelm', 'video game', 'excess']"
Knights of the Round Table,General Public,Witty,"['discussion', 'medieval', 'decision-making', 'group', 'debate']"
Knight with arrow in helmet,General Public,Absurd,"['resilience', 'injury', 'denial', 'stubbornness', 'perseverance']"
Kombucha Girl,Gen Z,Relatable,"['reaction', 'disgust', 'surprise', 'uncertainty', 'taste test']"
Kong Godzilla Doge,Gamers,Absurd,"['conflict', 'power', 'dominance', 'battle', 'video game']"
Kratos and my life is yours,Gamers,Wholesome,"['devotion', 'sacrifice', 'loyalty', 'video game', 'commitment']"
Kurt Angle Stare,Young Adults,Sarcastic,"['disbelief', 'judgment', 'surprise', 'wrestling', 'shock']"
Kylo Ren MORE,General Public,Absurd,"['demand', 'excess', 'impatience', 'Star Wars', 'greed']"
laughing kid,Parents,Wholesome,"['joy', 'innocence', 'happiness', 'childhood', 'laughter']"
Laughing Leo,Millennials,Sarcastic,"['amusement', 'mockery', 'superiority', 'celebrity', 'laughter']"
Laughing Men In Suits,Professionals,Sarcastic,"['mockery', 'elitism', 'corporate', 'businessmen', 'laughter']"
Laughing wolf,General Public,Witty,"['amusement', 'nature', 'animal', 'laughter', 'irony']"
La Roca  Ayer Vino,Spanish Speakers,Relatable,"['misunderstanding', 'language', 'celebrity', 'confusion', 'word play']"
Lebron James Reportedly forgot to,Sports Fans,Sarcastic,"['forgetfulness', 'basketball', 'celebrity', 'mistake', 'news']"
Left Exit 12 Off Ramp,Millennials,Relatable,"['panic', 'last minute', 'change', 'driving', 'decision']"
Leonardo Dicaprio Cheers,Millennials,Witty,"['celebration', 'acknowledgement', 'toast', 'celebrity', 'appreciation']"
Leonardo Dicaprio pointing at tv,Millennials,Relatable,"['recognition', 'surprise', 'celebrity', 'realization', 'TV show']"
Leonardo DiCaprio throwing Money,Millennials,Sarcastic,"['wealth', 'disregard', 'celebrity', 'spending', 'excess']"
let me in,Young Adults,Absurd,"['frustration', 'exclusion', 'desperation', 'access', 'denial']"
let s see paul allen s card,Professionals,Sarcastic,"['competition', 'professional rivalry', 'envy', 'comparison', 'superiority']"
Licking lips,General Public,Relatable,"['anticipation', 'desire', 'excitement', 'hunger', 'temptation']"
Lion king yeet,Gen Z,Absurd,"['throwing', 'disregard', 'surprise', 'cartoon', 'disbelief']"
Lisa Simpson s Presentation,Students,Relatable,"['presentation', 'opinion', 'explanation', 'argument', 'cartoon']"
Live reaction,General Public,Witty,"['reaction', 'surprise', 'disbelief', 'real-time', 'expression']"
Looks like meat s back on the menu boys,General Public,Sarcastic,"['food', 'celebration', 'excitement', 'return', 'joy']"
Look At Me,Young Adults,Sarcastic,"['attention', 'dominance', 'control', 'assertiveness', 'command']"
Look What They Need To Mimic A Fraction Of Our Power,Gamers,Sarcastic,"['power', 'imitation', 'superiority', 'mockery', 'comparison']"
Lord of the Rings Meat s back on the menu,General Public,Sarcastic,"['food', 'celebration', 'excitement', 'return', 'movie quote']"
madness this is sparta,Young Adults,Absurd,"['defiance', 'rebellion', 'anger', 'strength', 'movie quote']"
Mahatma Gandhi Rocks,Students,Wholesome,"['inspiration', 'peace', 'leadership', 'history', 'wisdom']"
Make your own meme,General Public,Witty,"['creativity', 'originality', 'humor', 'personalization', 'expression']"
Manly Handshake,Professionals,Witty,"['strength', 'agreement', 'respect', 'masculinity', 'power']"
Man giving sword to larger man,Gamers,Absurd,"['power', 'surrender', 'dominance', 'respect', 'submission']"
Man Holding Cardboard Sign,Young Adults,Relatable,"['protest', 'message', 'statement', 'opinion', 'public']"
Marked Safe From,General Public,Sarcastic,"['safety', 'relief', 'survival', 'crisis', 'irony']"
math is math,Students,Relatable,"['frustration', 'confusion', 'learning', 'education', 'logic']"
Matrix Morpheus,Millennials,Witty,"['choice', 'reality', 'philosophy', 'truth', 'movie quote']"
Maybe i am a monster blank,Young Adults,Absurd,"['identity', 'self-reflection', 'realization', 'confession', 'drama']"
McDonald s Happy Meal Dance Gif,Gen Z,Wholesome,"['joy', 'celebration', 'food', 'dance', 'happiness']"
megamind no b,Gen Z,Absurd,"['rejection', 'disapproval', 'animation', 'humorous', 'cartoon', 'surprise', 'dismissal']"
Mental Gymnastics,Professionals,Sarcastic,"['logic', 'complexity', 'argument', 'reasoning', 'twisted', 'ironic']"
Men Discussing Men Fighting,Young Adults,Relatable,"['debate', 'conflict', 'discussion', 'violence', 'misunderstanding', 'irony']"
Metronome,Students,Witty,"['rhythm', 'music', 'timing', 'consistency', 'repetition', 'precision']"
Me And The Boys,Gen Z,Wholesome,"['friendship', 'fun', 'group', 'comradery', 'nostalgia', 'comic characters']"
Me explaining to my mom,Gen Z,Relatable,"['communication', 'misunderstanding', 'generation gap', 'frustration', 'explanation']"
Michael Jackson popcorn gif,Millennials,Witty,"['anticipation', 'spectator', 'entertainment', 'celebrity', 'watching', 'drama']"
Midwit memes,Professionals,Sarcastic,"['intelligence', 'mediocrity', 'irony', 'mockery', 'average', 'sarcasm']"
milking the cow,General Public,Sarcastic,"['exploitation', 'overuse', 'exhaustion', 'repetition', 'profit', 'greed']"
Milk Girls,Young Adults,Absurd,"['strange', 'bizarre', 'milk', 'girls', 'random', 'nonsense']"
minions,Parents,Wholesome,"['funny', 'cute', 'animation', 'humorous', 'family', 'children']"
Minion in dark forest,Gen Z,Absurd,"['adventure', 'danger', 'fear', 'minion', 'darkness', 'mystery']"
Mocking Spongebob,Gen Z,Sarcastic,"['mockery', 'imitation', 'spongebob', 'disrespect', 'sarcasm', 'cartoon']"
Moe throws Barney,Millennials,Relatable,"['rejection', 'dismissal', 'bar', 'cartoon', 'humor', 'repetition']"
Mom can we have,Gen Z,Relatable,"['desire', 'substitute', 'request', 'rejection', 'family', 'comparison']"
money smell,Young Adults,Sarcastic,"['wealth', 'greed', 'money', 'arrogance', 'luxury', 'snob']"
Monkey looking away,General Public,Wholesome,"['avoidance', 'ignorance', 'shyness', 'awkward', 'cute', 'humor']"
Monkey Puppet,Gen Z,Relatable,"['awkward', 'avoidance', 'guilt', 'uncomfortable', 'puppet', 'monkey']"
Monster Inc  Walking,Gen Z,Absurd,"['silly', 'animation', 'walking', 'monster', 'funny', 'absurd']"
More likely than you think,Young Adults,Witty,"['probability', 'surprise', 'expectation', 'irony', 'likelihood', 'sarcasm']"
Morgan Freeman,General Public,Witty,"['Narration', 'Wisdom', 'Celebrity', 'Voice', 'Serious']"
morpheus matrix blue pill red pill,Millennials,Sarcastic,"['Choice', 'Reality', 'Illusion', 'Matrix', 'Philosophy']"
Mother Ignoring Kid Drowning In A Pool,Young Adults,Cringe,"['Negligence', 'Distraction', 'Parenting', 'Irony', 'Danger']"
Mr bean copying,General Public,Relatable,"['Copying', 'Exams', 'School', 'Cheating', 'Comedy']"
Mr incredible mad,General Public,Absurd,"['Anger', 'Frustration', 'Superhero', 'Power', 'Family']"
Mr Krabs Blur Meme,Gen Z,Absurd,"['Confusion', 'Blurry', 'Cartoon', 'Panic', 'Sudden']"
Mr T Pity The Fool,Millennials,Sarcastic,"['Pity', 'Fool', 'Celebrity', 'Catchphrase', 'Tough']"
Mr  McMahon reaction,Professionals,Witty,"['Surprise', 'Shock', 'Reaction', 'Wrestling', 'Exaggeration']"
My body is machine,Young Adults,Relatable,"['Fitness', 'Exercise', 'Determination', 'Health', 'Machine']"
My child will,Parents,Wholesome,"['Parenting', 'Expectations', 'Children', 'Futuristic', 'Dreams']"
My job here is done,Professionals,Sarcastic,"['Work', 'Completion', 'Satisfaction', 'Departure', 'Task']"
my sister s wedding,Young Adults,Relatable,"['Wedding', 'Family', 'Celebration', 'Siblings', 'Event']"
Nah I d Win,Gamers,Witty,"['Competition', 'Victory', 'Confidence', 'Challenge', 'Gaming']"
Nah yeah,Gen Z,Sarcastic,"['Confusion', 'Agreement', 'Disagreement', 'Slang', 'Indecision']"
Narcos waiting,Young Adults,Relatable,"['Waiting', 'Patience', 'Time', 'Suspense', 'TV Show']"
Naruto Handshake Meme Template,Gamers,Absurd,"['Anime', 'Friendship', 'Handshake', 'Unity', 'Naruto']"
Natalie Portman,Millennials,Witty,"['Celebrity', 'Actress', 'Beauty', 'Hollywood', 'Star']"
Needs More Cowbell,General Public,Absurd,"['Music', 'Cowbell', 'Comedy', 'SNL', 'Catchphrase']"
Nemo Seagulls Mine,General Public,Absurd,"['Seagulls', 'Possession', 'Repetition', 'Cartoon', 'Nemo']"
neo dodging a bullet matrix,Millennials,Sarcastic,"['Dodging', 'Matrix', 'Bullet', 'Avoidance', 'Action']"
Never ask a woman her age,General Public,Sarcastic,"['taboo', 'age', 'woman', 'question', 'sensitivity']"
Never give up,Young Adults,Wholesome,"['perseverance', 'motivation', 'encouragement', 'resilience', 'determination']"
News Headline,General Public,Witty,"['news', 'headline', 'media', 'current events', 'journalism']"
Nick Young,Gen Z,Cringe,"['confusion', 'doubt', 'question', 'basketball', 'celebrity']"
NONONOWAITWAITWAIT,Gen Z,Absurd,"['panic', 'anxiety', 'hurry', 'chaos', 'stress']"
Normal and dark mr incredibles,Millennials,Relatable,"['contrast', 'change', 'superhero', 'alter ego', 'duality']"
Normal Distribution meme,Students,Witty,"['statistics', 'mathematics', 'distribution', 'bell curve', 'data']"
Note passing,Students,Relatable,"['communication', 'secret', 'school', 'message', 'childhood']"
Not sure if  fry,Millennials,Sarcastic,"['doubt', 'confusion', 'uncertainty', 'futurama', 'cartoon']"
Now That s What I Call,Millennials,Witty,"['music', 'album', 'nostalgia', 'pop culture', 'compilation']"
No Fear One Fear,Gen Z,Relatable,"['fear', 'anxiety', 'contrast', 'phobia', 'irony']"
No Soup For You,Millennials,Sarcastic,"['denial', 'food', 'seinfeld', 'tv show', 'catchphrase']"
No Take  Only Throw,General Public,Wholesome,"['dog', 'play', 'fetch', 'pet', 'fun']"
No yes lady,Millennials,Absurd,"['confusion', 'contradiction', 'woman', 'reaction', 'expression']"
No   Yes,General Public,Sarcastic,"['contradiction', 'agreement', 'disagreement', 'confusion', 'ambiguity']"
npc crowd,Gamers,Witty,"['gaming', 'crowd', 'non-playable characters', 'repetition', 'uniformity']"
NPC Meme,Gamers,Absurd,"['gaming', 'non-playable character', 'expressionless', 'robotic', 'monotony']"
Nyan Cat,Gen Z,Absurd,"['cat', 'rainbow', 'internet culture', 'music', 'animation']"
obama medal,Young Adults,Sarcastic,"['award', 'recognition', 'self-praise', 'politics', 'president']"
Objects in mirror are closer than they appear,General Public,Witty,"['mirror', 'reflection', 'warning', 'perception', 'reality']"
Office Space Bill Lumbergh,Professionals,Sarcastic,"['work', 'boss', 'management', 'office', 'annoyance', 'demand', 'task', 'corporate']"
Oh dear  dear gorgeus,Gen Z,Sarcastic,"['mockery', 'superiority', 'condescension', 'disbelief', 'smug']"
Oh no anyway,Gen Z,Sarcastic,"['indifference', 'disinterest', 'apathy', 'dismissal', 'unconcerned']"
Oh No Black Cat,General Public,Absurd,"['cat', 'reaction', 'surprise', 'fear', 'shock', 'disaster', 'animal']"
oh thats a toilet spongebob fish,Millennials,Absurd,"['surprise', 'realization', 'disgust', 'cartoon', 'spongebob', 'mistake']"
Oh yeah  Oh no,Gen Z,Relatable,"['anticipation', 'disappointment', 'reversal', 'realization', 'emotion']"
okay grandpa let s get you to bed,Gen Z,Sarcastic,"['dismissal', 'elderly', 'condescension', 'outdated', 'obsolete']"
Ok ima fight,Gen Z,Witty,"['bravery', 'challenge', 'determination', 'courage', 'conflict']"
old lady at computer,Young Adults,Relatable,"['technology', 'confusion', 'elderly', 'internet', 'learning', 'struggle']"
Old man cup of coffee,General Public,Wholesome,"['contemplation', 'morning', 'relaxation', 'coffee', 'peaceful', 'elderly']"
Old man yells at cloud,Millennials,Sarcastic,"['outrage', 'elderly', 'futility', 'complaint', 'irrational', 'disapproval']"
Oliver Twist Please Sir,General Public,Witty,"['request', 'politeness', 'hunger', 'desire', 'poverty', 'literature']"
Ol  Reliable,Millennials,Relatable,"['trust', 'dependability', 'confidence', 'reliance', 'faith']"
OMG hi,Gen Z,Wholesome,"['greeting', 'enthusiasm', 'excitement', 'surprise', 'friendship']"
One Does Not Simply,Millennials,Witty,"['challenge', 'difficulty', 'task', 'complexity', 'Lord of the Rings']"
One please,General Public,Wholesome,"['request', 'politeness', 'manners', 'order', 'desire']"
Oops  All Berries,Millennials,Absurd,"['mistake', 'surprise', 'cereal', 'overload', 'excess']"
Oprah You Get A,Millennials,Wholesome,"['generosity', 'gift', 'surprise', 'excitement', 'celebrity']"
Orangutan chasing girl on a tricycle,General Public,Absurd,"['chase', 'fear', 'animal', 'surprise', 'panic', 'tricycle']"
orangutan interview,General Public,Absurd,"['interview', 'animal', 'conversation', 'humor', 'silly', 'communication']"
our,General Public,Absurd,"['sharing', 'communism', 'collective', 'misinterpretation', 'community']"
Overly Attached Girlfriend,Young Adults,Sarcastic,"['clingy', 'relationship', 'obsession', 'parody', 'girlfriend']"
Overwatch Mercy Meme,Gamers,Relatable,"['video game', 'rescue', 'healer', 'team', 'support']"
Pablo escobar waiting alone,Young Adults,Relatable,"['loneliness', 'waiting', 'impatient', 'boredom', 'solitude']"
panie areczku,General Public,Absurd,"['Polish', 'misunderstanding', 'confusion', 'language', 'surprise']"
Panik Kalm Panik,Gen Z,Relatable,"['panic', 'calm', 'cycle', 'anxiety', 'emotional rollercoaster']"
party loner,Young Adults,Relatable,"['introvert', 'party', 'alone', 'awkward', 'social']"
Patrick Dunk Meme,Gen Z,Absurd,"['cartoon', 'dunk', 'surprise', 'spongebob', 'rejection']"
patrick scared,Gen Z,Relatable,"['fear', 'cartoon', 'spongebob', 'surprise', 'panic']"
patrick to do list actually blank,Students,Relatable,"['procrastination', 'laziness', 'blank', 'nothing', 'task']"
PAtrick  Smart Dumb,Gen Z,Absurd,"['intelligence', 'dumb', 'spongebob', 'paradox', 'confusion']"
Paulo Coelho,Professionals,Witty,"['quote', 'inspiration', 'wisdom', 'philosophy', 'literature']"
Pawn Stars Best I Can Do,General Public,Sarcastic,"['bargain', 'deal', 'negotiation', 'lowball', 'business']"
Peace sign tombstone,Millennials,Sarcastic,"['death', 'peace', 'farewell', 'irony', 'goodbye']"
Peasants,General Public,Sarcastic,"['class', 'superiority', 'inferiority', 'judgment', 'society']"
Pedro Pascal crying,Young Adults,Relatable,"['emotion', 'tears', 'sadness', 'despair', 'actor']"
Pedro Pascal Nick Cage,Young Adults,Witty,"['comparison', 'actors', 'surprise', 'look-alike', 'celebrities']"
Penguin pointing at shipping label,Gen Z,Relatable,"['delivery', 'excitement', 'anticipation', 'package', 'online shopping']"
Pepe holding sign,Gen Z,Sarcastic,"['protest', 'sign', 'message', 'statement', 'frog']"
Pepe Silvia,Millennials,Absurd,"['conspiracy', 'paranoia', 'confusion', 'obsession', 'theory']"
Pepe the Frog,Gamers,Absurd,"['Internet culture', 'Reaction', 'Emotions', 'Slang', 'Controversial']"
Pepperidge Farm Remembers,Millennials,Sarcastic,"['Nostalgia', 'Sarcasm', 'Irony', 'Commercial', 'Old times']"
peter griffin beats up kyle,Young Adults,Absurd,"['Violence', 'Cartoon', 'Conflict', 'Family Guy', 'Exaggeration']"
Peter Griffin running away,Young Adults,Relatable,"['Escape', 'Fear', 'Family Guy', 'Running', 'Avoidance']"
Peter Griffin skin color chart race terrorist blank,Young Adults,Sarcastic,"['Controversial', 'Race', 'Family Guy', 'Stereotypes', 'Irony']"
Peter parker reading a book,Students,Witty,"['Reading', 'Spiderman', 'Learning', 'Surprise', 'Revelation']"
Philosoraptor,Millennials,Witty,"['Philosophy', 'Question', 'Dinosaur', 'Thoughtful', 'Pondering']"
Pie Chart Meme,General Public,Sarcastic,"['Statistics', 'Visual', 'Comparison', 'Irony', 'Data']"
Pinky and the brain,Millennials,Absurd,"['Cartoon', 'Plan', 'Mice', 'World domination', 'Failure']"
Pink Guy vs Bane,Gen Z,Absurd,"['Fight', 'Filthy Frank', 'Batman', 'Comparison', 'Contrast']"
Pippin Second Breakfast,Millennials,Wholesome,"['Food', 'Hunger', 'Hobbit', 'Lord of the Rings', 'Innocence']"
Plague Doctor Gangsta s Paradise,Gen Z,Absurd,"['Historical', 'Music', 'Coolio', 'Plague doctor', 'Contrast']"
Plane flying from explosions,Young Adults,Absurd,"['Danger', 'Escape', 'Explosion', 'Thrill', 'Action']"
Please sir may I have some more,General Public,Relatable,"['Begging', 'Oliver Twist', 'Poverty', 'Hunger', 'Classic Literature']"
Pointing mirror guy,Gen Z,Relatable,"['Self-reflection', 'Blame', 'Mirror', 'Accusation', 'Self-awareness']"
Poke with stick,Gen Z,Absurd,"['Provoke', 'Stick', 'Lazy', 'Action', 'Apathy']"
Por que tan elegante homero,Young Adults,Witty,"['Elegance', 'The Simpsons', 'Special occasion', 'Spanish', 'Dressing up']"
Predator Handshake,Millennials,Witty,"['Agreement', 'Strength', 'Action movie', 'Arnold Schwarzenegger', 'Unity']"
Pretending To Be Happy  Hiding Crying Behind A Mask,Young Adults,Relatable,"['Sadness', 'Mask', 'Deception', 'Emotions', 'Pretend']"
Priest tempted by girl,Adults,Sarcastic,"['Temptation', 'Religion', 'Controversial', 'Clergy', 'Sin']"
problems stress pain,General Public,Relatable,"['stress', 'overwhelm', 'difficulties', 'struggle', 'anxiety']"
Professor Farnsworth Good News Everyone,Millennials,Sarcastic,"['news', 'announcement', 'irony', 'surprise', 'Futurama']"
Protected Kevin Hart,Young Adults,Witty,"['protection', 'care', 'safety', 'celebrity', 'overprotection']"
Prove me wrong,Students,Sarcastic,"['debate', 'argument', 'challenge', 'opinion', 'dispute']"
PTSD Chihuahua,Gen Z,Absurd,"['shock', 'trauma', 'surprise', 'dog', 'fear']"
Puppet hierarchy,Professionals,Sarcastic,"['hierarchy', 'control', 'manipulation', 'power', 'domination']"
puppet Monkey looking away,Gen Z,Relatable,"['avoidance', 'denial', 'ignorance', 'awkward', 'uncomfortable']"
Put It Somewhere Else Patrick,Millennials,Absurd,"['solution', 'problem', 'avoidance', 'SpongeBob', 'silly']"
Rage Table Smash,Gamers,Relatable,"['rage', 'anger', 'frustration', 'outburst', 'violent']"
Rainbow Six Fuze The Hostage,Gamers,Sarcastic,"['video game', 'tactical', 'mistake', 'blunder', 'Rainbow Six Siege']"
ralph wiggum,Millennials,Absurd,"['innocence', 'simplicity', 'childlike', 'Simpsons', 'naivety']"
Reaction Guys,Gen Z,Relatable,"['reaction', 'excitement', 'surprise', 'joy', 'shock']"
Really Right in front of my pancit,Young Adults,Sarcastic,"['disbelief', 'surprise', 'inconvenience', 'interruption', 'food']"
Real Shit,Young Adults,Relatable,"['truth', 'honesty', 'realization', 'acknowledgement', 'serious']"
Red Button Hand,General Public,Relatable,"['decision', 'choice', 'dilemma', 'pressure', 'consequence']"
Red pill blue pill,Millennials,Witty,"['choice', 'reality', 'illusion', 'Matrix', 'philosophy']"
Relief,General Public,Wholesome,"['comfort', 'ease', 'relaxation', 'peace', 'calm']"
Rick and Carl,Young Adults,Sarcastic,"['father-son', 'joke', 'Walking Dead', 'conversation', 'annoyance']"
rick and morty extra steps,Millennials,Absurd,"['complication', 'effort', 'Rick and Morty', 'unnecessary', 'complexity']"
Riley Reid meme,Young Adults,Cringe,"['awkward', 'uncomfortable', 'celebrity', 'misunderstanding', 'embarrassment']"
Robert Downey Jr s Comments,General Public,Sarcastic,"['ironic', 'celebrity', 'reaction', 'comment', 'expression']"
Roblox Ban,Gamers,Absurd,"['ban', 'online gaming', 'punishment', 'restriction', 'rules']"
Robotnik Button,Gamers,Witty,"['choice', 'dilemma', 'video game', 'conflict', 'decision']"
Robotnik Pressing Red Button,Gamers,Relatable,"['choice', 'action', 'consequence', 'video game', 'decision']"
Roll Safe Think About It,Young Adults,Sarcastic,"['advice', 'wisdom', 'irony', 'thinking', 'logic']"
Ron Swanson trash computer,Millennials,Witty,"['frustration', 'technology', 'disgust', 'TV show', 'reaction']"
Running Away Balloon,Gen Z,Absurd,"['escape', 'chase', 'surreal', 'balloon', 'running']"
Run,General Public,Absurd,"['panic', 'escape', 'fear', 'urgency', 'action']"
Sad guy Happy guy bus,Students,Relatable,"['contrast', 'emotion', 'comparison', 'sadness', 'happiness']"
Sad Hamster,Gen Z,Wholesome,"['emotion', 'cute', 'sadness', 'animal', 'sympathy']"
Sad Pablo Escobar,Young Adults,Relatable,"['loneliness', 'TV show', 'boredom', 'sadness', 'waiting']"
sad thumbs up cat,Gen Z,Wholesome,"['approval', 'sadness', 'animal', 'emotion', 'irony']"
salt bae,Millennials,Witty,"['chef', 'cooking', 'style', 'flamboyant', 'sprinkle']"
Samuel L Jackson say one more time,General Public,Sarcastic,"['anger', 'repetition', 'movie', 'threat', 'reaction']"
Sarcastic spongebob,Gen Z,Sarcastic,"['mockery', 'cartoon', 'irony', 'mimicry', 'ridicule']"
Satisfied Seal,General Public,Wholesome,"['contentment', 'animal', 'happiness', 'relief', 'satisfaction']"
Say it Again  Dexter,Millennials,Witty,"['repetition', 'cartoon', 'curiosity', 'demand', 'request']"
Say That Again I Dare You,General Public,Sarcastic,"['threat', 'anger', 'movie', 'challenge', 'reaction']"
say the line bart  simpsons,Millennials,Relatable,"['catchphrase', 'cartoon', 'repetition', 'demand', 'familiarity']"
Say what again,General Public,Sarcastic,"['confusion', 'question', 'movie', 'misunderstanding', 'repetition']"
Scared Cat,General Public,Relatable,"['fear', 'surprise', 'reaction', 'animals', 'expressive']"
Scooby doo mask reveal,Millennials,Sarcastic,"['reveal', 'truth', 'disguise', 'cartoon', 'mystery']"
screaming seagull,Gen Z,Absurd,"['loud', 'reaction', 'birds', 'anger', 'overreaction']"
Scumbag Steve,Young Adults,Sarcastic,"['disrespect', 'rudeness', 'irritation', 'annoyance', 'selfishness']"
Second Breakfast,Millennials,Witty,"['food', 'hunger', 'fantasy', 'indulgence', 'meal']"
See Nobody Cares,Professionals,Sarcastic,"['indifference', 'dismissal', 'irrelevance', 'unimpressed', 'apathy']"
Seinfeld Newman,Millennials,Relatable,"['annoyance', 'frustration', 'rivalry', 'sitcom', 'dislike']"
Severance Outie Affirmation,Professionals,Wholesome,"['affirmation', 'positivity', 'work', 'encouragement', 'inspiration']"
Show me on this doll,General Public,Sarcastic,"['explanation', 'demonstration', 'mockery', 'interrogation', 'humiliation']"
Shrek Cat,Gen Z,Wholesome,"['cute', 'innocence', 'animals', 'fantasy', 'manipulation']"
Shrek For Five Minutes,Millennials,Relatable,"['rest', 'break', 'exhaustion', 'relief', 'tired']"
shrek rizz,Millennials,Absurd,"['distortion', 'weird', 'confusion', 'bizarre', 'fantasy']"
Shrek running,Gen Z,Relatable,"['escape', 'hurry', 'action', 'panic', 'rush']"
Shut Up And Take My Money Fry,Young Adults,Witty,"['desire', 'excitement', 'impulse', 'purchase', 'enthusiasm']"
side eye teddy,Gen Z,Sarcastic,"['distrust', 'suspicion', 'judgment', 'toys', 'skepticism']"
Silence Crab,Gen Z,Absurd,"['silence', 'command', 'control', 'sea creatures', 'dominance']"
Silence X  a Y is talking,Young Adults,Witty,"['silence', 'dominance', 'priority', 'respect', 'authority']"
Simpsons bart no,Millennials,Relatable,"['refusal', 'rejection', 'disagreement', 'cartoon', 'defiance']"
Simpsons Monkey Fight,Millennials,Absurd,"['conflict', 'chaos', 'fight', 'cartoon', 'disorder']"
Simpsons so far,Millennials,Sarcastic,"['progress', 'journey', 'distance', 'exaggeration', 'effort']"
Skeletor until we meet again,Millennials,Sarcastic,"['goodbye', 'parting', 'villain', 'cartoon', 'dramatic']"
Skinner Out Of Touch,Millennials,Relatable,"['misunderstanding', 'generation gap', 'school', 'ignorance', 'denial']"
skinner pathetic,Millennials,Sarcastic,"['disappointment', 'judgment', 'cartoon', 'failure', 'condescension']"
slap that button,General Public,Relatable,"['excitement', 'action', 'decision', 'agreement', 'instant']"
Sleeping Shaq,Gen Z,Relatable,"['indifference', 'unfazed', 'sports', 'celebrity', 'uninterested']"
sleeping Squidward,Gen Z,Wholesome,"['rest', 'peace', 'cartoon', 'relaxation', 'ignorance']"
sleepy donald duck in bed,Gen Z,Wholesome,"['tired', 'morning', 'cartoon', 'reluctance', 'bedtime']"
Slowpoke,Gamers,Sarcastic,"['late', 'pokemon', 'delay', 'ignorance', 'slow']"
small brain yelling at big brain,Gen Z,Absurd,"['argument', 'intelligence', 'dispute', 'knowledge', 'comparison']"
Small knight giant knight,Gamers,Witty,"['battle', 'size', 'challenge', 'underdog', 'fantasy']"
Smart Guy,Gen Z,Witty,"['intelligence', 'smug', 'confidence', 'cartoon', 'sarcasm']"
Smudge the cat,General Public,Relatable,"['disgust', 'cat', 'judgment', 'food', 'annoyance']"
society if,Young Adults,Absurd,"['hypothetical', 'progress', 'change', 'improvement', 'social commentary']"
Soldiers hold up society,Young Adults,Sarcastic,"['support', 'sacrifice', 'military', 'society', 'appreciation']"
Somehow Palpatine returned,Millennials,Absurd,"['surprise', 'return', 'Star Wars', 'resurrection', 'disbelief']"
Sonic Says,Gamers,Witty,"['advice', 'cartoon', 'message', 'Sonic', 'announcement']"
soup nazi,Millennials,Sarcastic,"['refusal', 'strict', 'food', 'Seinfeld', 'authority']"
South Park JIzz,Young Adults,Cringe,"['disgust', 'shock', 'South Park', 'reaction', 'surprise']"
South Park Underpants Gnomes,Millennials,Absurd,"['plan', 'confusion', 'South Park', 'business', 'mystery']"
Soyboy Vs Yes Chad,Young Adults,Sarcastic,"['comparison', 'masculinity', 'stereotype', 'contrast', 'internet culture']"
Soyjak Pointing,Gen Z,Sarcastic,"['Internet culture', 'Reaction', 'Mockery', 'Expressive', 'Disgust', 'Criticism', 'Pointing']"
Sparta Leonidas,Young Adults,Witty,"['Historical', 'Dramatic', 'Angry', 'Shouting', 'Defiance', 'Movie reference']"
Spiderman Glasses,Gen Z,Relatable,"['Surprise', 'Realization', 'Clarity', 'Transformation', 'Movie reference']"
Spider Man Double,Young Adults,Sarcastic,"['Confusion', 'Doppelganger', 'Accusation', 'Surprise', 'Movie reference']"
Spongebob box,Millennials,Absurd,"['Imagination', 'Creativity', 'Innocence', 'Fun', 'Cartoon reference']"
spongebob fire,Millennials,Sarcastic,"['Panic', 'Chaos', 'Disorder', 'Stress', 'Cartoon reference']"
Spongebob Ight Imma Head Out,Gen Z,Relatable,"['Leaving', 'Disinterest', 'Boredom', 'Avoidance', 'Cartoon reference']"
Spongebob looking out window,Gen Z,Wholesome,"['Longing', 'Patience', 'Waiting', 'Observation', 'Cartoon reference']"
spongebob panic inside,Millennials,Relatable,"['Anxiety', 'Stress', 'Overwhelmed', 'Internal struggle', 'Cartoon reference']"
spongebob rainbow,Millennials,Absurd,"['Optimism', 'Sarcasm', 'Magic', 'Irony', 'Cartoon reference']"
Spongebob Searching,Gen Z,Relatable,"['Searching', 'Confusion', 'Lost', 'Investigation', 'Cartoon reference']"
spongebob stupid,Millennials,Sarcastic,"['Mockery', 'Ignorance', 'Silly', 'Criticism', 'Cartoon reference']"
Spongebob time card background,Millennials,Relatable,"['Time', 'Progress', 'Waiting', 'Narration', 'Cartoon reference']"
Spongebob Yelling,Gen Z,Absurd,"['Outrage', 'Shouting', 'Exclamation', 'Drama', 'Cartoon reference']"
Spongegar,Gen Z,Absurd,"['Primitive', 'Surprise', 'Fear', 'Wild', 'Cartoon reference']"
Squidward,Millennials,Sarcastic,"['Apathy', 'Boredom', 'Unimpressed', 'Sarcasm', 'Cartoon reference']"
Squidward chair,Millennials,Relatable,"['Relaxation', 'Indifference', 'Laziness', 'Comfort', 'Cartoon reference']"
Squidward competition,Millennials,Witty,"['Competition', 'Jealousy', 'Rivalry', 'Comparison', 'Cartoon reference']"
Squidward pointing,Millennials,Sarcastic,"['Accusation', 'Blame', 'Criticism', 'Pointing', 'Cartoon reference']"
Squidward window,Millennials,Relatable,"['Observation', 'Judgment', 'Curiosity', 'Peeping', 'Cartoon reference']"
Squid Game,Young Adults,Absurd,"['Korean', 'Dystopian', 'Game', 'Survival', 'Death', 'Competition', 'Green light, red light']"
Squid Game Season 1 vs Season 2,Young Adults,Relatable,"['Expectation', 'Reality', 'Comparison', 'Disappointment', 'Sequel', 'Television', 'Series']"
Star Wars No,General Public,Sarcastic,"['Denial', 'Shock', 'Disbelief', 'Darth Vader', 'Science Fiction', 'Rejection']"
Star Wars Yoda,General Public,Witty,"['Wisdom', 'Advice', 'Jedi', 'Green', 'Alien', 'Yoda speak', 'Science Fiction']"
Steamboat Willie,General Public,Wholesome,"['Vintage', 'Disney', 'Mickey Mouse', 'Boat', 'Cartoon', 'Black and White']"
Steve Buscemi Fellow Kids,Millennials,Cringe,"['Awkward', 'Trying to fit in', 'Out of touch', 'Old', 'Youth culture', 'Disguise']"
stonks,Millennials,Absurd,"['Stocks', 'Investment', 'Finance', 'Profit', 'Economy', 'Market', 'Growth']"
Stop giving me your toughest battles,Gen Z,Relatable,"['Struggle', 'Hardship', 'Challenge', 'Exhaustion', 'God', 'Faith', 'Overwhelmed']"
Stop He s Already Dead,General Public,Sarcastic,"['Overkill', 'Excessive', 'Beating', 'Defeat', 'Victory', 'Mercy', 'Simpsons']"
Stop Trying to Make Fetch Happen,Millennials,Sarcastic,"['Rejection', 'Mean Girls', 'Slang', 'Uncool', 'Trend', 'Desperate']"
Straight Outta X blank template,General Public,Witty,"['Origin', 'Hometown', 'Proud', 'Identity', 'Customizable', 'Music', 'Culture']"
Straight to Jail,General Public,Sarcastic,"['Punishment', 'Crime', 'Justice', 'Law', 'Offense', 'Immediate', 'Penalty']"
Strong dog vs weak dog,General Public,Relatable,"['Comparison', 'Strength', 'Weakness', 'Dogs', 'Contrast', 'Dominance', 'Submissive']"
Stupid dumb drooling puzzle,Gen Z,Absurd,"['Confusion', 'Stupidity', 'Puzzle', 'Challenge', 'Difficulty', 'Frustration', 'Drooling']"
Success Kid,General Public,Wholesome,"['Victory', 'Achievement', 'Child', 'Sand', 'Fist', 'Triumph', 'Joy']"
Success Kid Original,General Public,Wholesome,"['Victory', 'Achievement', 'Child', 'Sand', 'Fist', 'Triumph', 'Joy']"
Sun Tzu,Professionals,Witty,"['Strategy', 'Warfare', 'Philosophy', 'Ancient', 'Chinese', 'Wisdom', 'Art of War']"
Superior Royalty,General Public,Sarcastic,"['Superiority', 'Royalty', 'Pride', 'Arrogance', 'Monarchy', 'Class', 'Hierarchy']"
Sure grandma,Gen Z,Sarcastic,"['Doubt', 'Elderly', 'Disbelief', 'Patronizing', 'Old fashioned', 'Outdated', 'Dismissive']"
Sure grandma let s get you to bed,Gen Z,Sarcastic,"['Doubt', 'Elderly', 'Disbelief', 'Patronizing', 'Old fashioned', 'Outdated', 'Dismissive']"
Surprised Joey,Millennials,Relatable,"['surprise', 'shock', 'Friends TV show', 'unexpected', 'reaction']"
Surprised Koala,Gen Z,Absurd,"['surprise', 'animals', 'koala', 'reaction', 'funny']"
Surprised Pikachu,Gamers,Relatable,"['surprise', 'shock', 'Pokemon', 'reaction', 'unexpected']"
Surprised Pikachu High Quality,Gamers,Relatable,"['surprise', 'shock', 'Pokemon', 'high quality', 'reaction']"
Surprise anime guy,Gen Z,Absurd,"['surprise', 'anime', 'reaction', 'unexpected', 'funny']"
Suspicious Dog,General Public,Witty,"['suspicion', 'dog', 'animals', 'doubt', 'funny']"
sweating bullets,Young Adults,Relatable,"['stress', 'anxiety', 'pressure', 'nervous', 'reaction']"
Sweating Jordan Peele,Millennials,Relatable,"['stress', 'anxiety', 'pressure', 'nervous', 'celebrity']"
Sweaty Speedrunner,Gamers,Relatable,"['stress', 'gaming', 'pressure', 'nervous', 'fast']"
Swerving Car,Young Adults,Sarcastic,"['decision', 'car', 'swerve', 'choice', 'unexpected']"
Symphony Meme,General Public,Witty,"['music', 'symphony', 'orchestra', 'performance', 'funny']"
Szia uram uncropped,General Public,Absurd,"['foreign', 'language', 'funny', 'absurd', 'unexpected']"
talking to wall,Young Adults,Sarcastic,"['frustration', 'ignored', 'communication', 'wall', 'funny']"
Teacher's Copy,Students,Relatable,"['school', 'teacher', 'copy', 'funny', 'education']"
telltale will remember that,Gamers,Witty,"['gaming', 'choice', 'consequence', 'Telltale Games', 'decision']"
Tell me the truth I'm ready to hear it,Millennials,Sarcastic,"['truth', 'honesty', 'confrontation', 'reaction', 'funny']"
Thank you for saving my life,General Public,Wholesome,"['gratitude', 'life-saving', 'appreciation', 'kindness', 'funny']"
Thanos Infinity Stones,Young Adults,Witty,"['Marvel', 'Thanos', 'Infinity Stones', 'power', 'superheroes']"
thanos what did it cost,Young Adults,Sarcastic,"['Marvel', 'Thanos', 'sacrifice', 'cost', 'superheroes']"
That's a paddlin',Millennials,Witty,"['punishment', 'Simpsons', 'consequence', 'funny', 'old-fashioned']"
That s how you do it,General Public,Witty,"['instruction', 'sarcasm', 'expertise', 'mockery', 'achievement']"
That s my secret,Young Adults,Sarcastic,"['secret', 'surprise', 'hidden knowledge', 'revelation', 'irony']"
That s the neat part  you don t,Gen Z,Absurd,"['avoidance', 'denial', 'evasion', 'absurdity', 'non-compliance']"
There is no war in ba sing se,Millennials,Witty,"['denial', 'fantasy', 'delusion', 'ignorance', 'propaganda']"
These Aren t The Droids You Were Looking For,General Public,Sarcastic,"['misdirection', 'trickery', 'deception', 'confusion', 'mistake']"
They don t even have dental,Professionals,Relatable,"['job perks', 'employment', 'benefits', 'complaints', 'workplace']"
They don t know,Students,Relatable,"['secrets', 'misunderstanding', 'ignorance', 'knowledge', 'privacy']"
The Cooler Daniel,Gen Z,Cringe,"['comparison', 'superiority', 'coolness', 'rivalry', 'mockery']"
The future world if,Young Adults,Absurd,"['hypothetical', 'future', 'imagination', 'absurdity', 'paradise']"
The Most Interesting Man In The World,Millennials,Sarcastic,"['exaggeration', 'praise', 'sarcasm', 'irony', 'persona']"
the office bankruptcy,Young Adults,Witty,"['financial struggle', 'misunderstanding', 'workplace', 'ignorance', 'business']"
the office handshake,Professionals,Relatable,"['agreement', 'partnership', 'collaboration', 'workplace', 'professional']"
the silent protector,General Public,Wholesome,"['protection', 'hero', 'sacrifice', 'guardian', 'selflessness']"
The Simpsons Ralph Wiggum Picking His Nose,Millennials,Cringe,"['naivety', 'childish', 'awkward', 'simpsons', 'gross']"
Thinking Black Guy,Gen Z,Relatable,"['thinking', 'pondering', 'confusion', 'decision', 'dilemma']"
"Think Mark, Think",Young Adults,Sarcastic,"['pressure', 'decision making', 'intensity', 'argument', 'conflict']"
Third World Skeptical Kid,General Public,Witty,"['skepticism', 'doubt', 'questioning', 'cynicism', 'misbelief']"
This Is Brilliant But I Like This,Students,Sarcastic,"['comparison', 'preference', 'irony', 'choice', 'opinion']"
This Is Fine,Young Adults,Absurd,"['denial', 'chaos', 'calm', 'disaster', 'irony']"
This is Fine  Blank,General Public,Absurd,"['blank', 'customize', 'chaos', 'calm', 'disaster']"
This is sparta,General Public,Absurd,"['Aggression', 'Determination', 'Warrior', 'Movie Quote', 'Exaggeration']"
This Is Where I'd Put My Trophy If I Had One,Young Adults,Sarcastic,"['Disappointment', 'Failure', 'Irony', 'Lack', 'Empty']"
This is Worthless,Students,Relatable,"['Disapproval', 'Valueless', 'Critique', 'Dismissive', 'Insignificance']"
Those who know,Millennials,Witty,"['Knowledge', 'Secret', 'Understanding', 'Insider', 'Exclusive']"
Thousand Yard Stare,General Public,Absurd,"['Shock', 'Trauma', 'Disbelief', 'Stunned', 'Distant']"
Three dragons,Gamers,Absurd,"['Fantasy', 'Power', 'Threat', 'Epic', 'Dominance']"
Three headed Dragon,Gamers,Absurd,"['Fantasy', 'Threat', 'Multi-tasking', 'Chaos', 'Danger']"
throw out of the window,Young Adults,Sarcastic,"['Rejection', 'Disapproval', 'Dismissal', 'Frustration', 'Elimination']"
Tintin and Haddock,General Public,Wholesome,"['Adventure', 'Friendship', 'Travel', 'Comic', 'Mystery']"
Tom chasing Harry and Ron Weasly,Gen Z,Absurd,"['Chase', 'Threat', 'Cartoon', 'Mashup', 'Fantasy']"
Tom   Jerry Searching,General Public,Relatable,"['Search', 'Pursuit', 'Investigation', 'Curiosity', 'Cartoon']"
Tony Soprano in this house,Young Adults,Sarcastic,"['Authority', 'Domestic', 'Rules', 'TV Show', 'Command']"
Too Damn High,Millennials,Relatable,"['Excessive', 'Complaint', 'Frustration', 'Overwhelm', 'Exaggeration']"
Tornado Guy,General Public,Absurd,"['Disaster', 'Calm', 'Unfazed', 'Danger', 'Contrast']"
TOYSTORY EVERYWHERE,Millennials,Relatable,"['Ubiquity', 'Overwhelm', 'Saturation', 'Movie Reference', 'Excessive']"
Trade Offer,Professionals,Witty,"['Negotiation', 'Exchange', 'Deal', 'Proposal', 'Bargain']"
Trade offer meme Animated gif,Professionals,Witty,"['Negotiation', 'Exchange', 'Deal', 'Animated', 'Proposal']"
train crashes bus,General Public,Absurd,"['Disaster', 'Unexpected', 'Collision', 'Danger', 'Shock']"
Traumatized Mr. Incredible,Parents,Relatable,"['Shock', 'Surprise', 'Disbelief', 'Cartoon', 'Family']"
Travis Kelce screaming,Sports Fans,Absurd,"['Outburst', 'Frustration', 'Intensity', 'Sports', 'Emotion']"
Travolta,Millennials,Absurd,"['confusion', 'surprise', 'pop culture', 'awkwardness', 'bewilderment']"
triggerpaul,Gen Z,Cringe,"['reaction', 'disgust', 'internet culture', 'shock', 'disbelief']"
Trojan Horse,Professionals,Witty,"['strategy', 'deception', 'history', 'surprise', 'intrigue']"
Trolley Problem,Students,Sarcastic,"['dilemma', 'ethics', 'decision', 'philosophy', 'morality']"
Trumpet Boy,Gen Z,Absurd,"['music', 'annoyance', 'attention', 'persistence', 'youth']"
Trump Bill Signing,Professionals,Sarcastic,"['politics', 'achievement', 'pride', 'authority', 'legislation']"
Trump Executive Order 2025,Young Adults,Sarcastic,"['politics', 'power', 'future', 'prediction', 'satire']"
Trump  Vance  and Zelensky,Professionals,Witty,"['politics', 'conversation', 'awkwardness', 'diplomacy', 'tension']"
Tuxedo Winnie The Pooh,Millennials,Relatable,"['sophistication', 'comparison', 'class', 'elegance', 'irony']"
Tuxedo Winnie the Pooh grossed reverse,Gen Z,Absurd,"['disgust', 'comparison', 'unexpected', 'irony', 'reversal']"
Twilight Aro,Millennials,Cringe,"['reaction', 'surprise', 'pop culture', 'drama', 'exaggeration']"
Two Buttons,General Public,Relatable,"['decision', 'dilemma', 'conflict', 'stress', 'choice']"
two castles,Gamers,Witty,"['strategy', 'competition', 'challenge', 'rivalry', 'gameplay']"
Two guys on a bus,Young Adults,Wholesome,"['friendship', 'unexpected', 'kindness', 'generosity', 'public transport']"
Two Paths,Students,Relatable,"['decision', 'life choices', 'dilemma', 'future', 'direction']"
Types of Headaches meme,General Public,Relatable,"['frustration', 'pain', 'annoyance', 'stress', 'health']"
Typing kitty,General Public,Wholesome,"['animals', 'work', 'cute', 'effort', 'humor']"
Tyrone Biggums The Addict,Millennials,Cringe,"['addiction', 'comedy', 'exaggeration', 'pop culture', 'desperation']"
umbrella academy meme,Gen Z,Sarcastic,"['superpowers', 'family drama', 'tv show', 'conflict', 'sibling rivalry']"
Uncanny Pingu,Gen Z,Absurd,"['weird', 'animation', 'childhood', 'distortion', 'surreal']"
Uncle Sam,General Public,Sarcastic,"['patriotism', 'recruitment', 'American', 'war', 'demand', 'authority']"
undertaker,Gamers,Absurd,"['wrestling', 'surprise', 'fear', 'intimidation', 'horror']"
Undertaker teleports behind AJ Styles,Gamers,Absurd,"['teleportation', 'wrestling', 'surprise', 'intimidation', 'horror']"
UNO Draw 25 Cards,General Public,Relatable,"['cards', 'game', 'challenge', 'choice', 'difficulty']"
Unsettled Tom,Gen Z,Relatable,"['shock', 'surprise', 'cartoon', 'discomfort', 'reaction']"
Unsheathing Sword,Gamers,Absurd,"['sword', 'battle', 'preparation', 'challenge', 'action']"
Urinal Guy,Young Adults,Cringe,"['awkwardness', 'privacy', 'bathroom', 'social norm', 'uncomfortable']"
Vanya and Five,Young Adults,Witty,"['siblings', 'superpowers', 'argument', 'disagreement', 'conflict']"
Vegeta over 9000,Gamers,Absurd,"['anime', 'power level', 'exaggeration', 'surprise', 'disbelief']"
Vince McMahon Crying,Young Adults,Relatable,"['wrestling', 'emotion', 'crying', 'sadness', 'reaction']"
Virgin and Chad,Young Adults,Sarcastic,"['comparison', 'stereotypes', 'confidence', 'awkwardness', 'social norms']"
Waiting Skeleton,General Public,Sarcastic,"['waiting', 'patience', 'time', 'skeleton', 'delay']"
Wait  its all,Gen Z,Absurd,"['discovery', 'realization', 'shock', 'surprise', 'universe']"
Walter White Breaks Down,Young Adults,Relatable,"['breaking bad', 'emotion', 'crying', 'sadness', 'despair']"
walter white cooking,Young Adults,Sarcastic,"['breaking bad', 'cooking', 'meth', 'chemistry', 'illegal']"
Walter White Screaming At Hank,Young Adults,Relatable,"['breaking bad', 'anger', 'shouting', 'confrontation', 'conflict']"
wanted poster,General Public,Witty,"['crime', 'search', 'reward', 'outlaw', 'poster']"
Water Dam Meme,Millennials,Sarcastic,"['problem', 'solution', 'failure', 'disaster', 'temporary']"
Weak vs Strong Spongebob,Gen Z,Relatable,"['strength', 'weakness', 'comparison', 'transformation', 'improvement']"
Welcome To The Internets,General Public,Witty,"['internet', 'welcome', 'introduction', 'technology', 'sarcasm']"
We are not the same,Young Adults,Sarcastic,"['superiority', 'difference', 'comparison', 'individuality', 'self-esteem']"
We Have A Hulk,Gamers,Witty,"['superheroes', 'power', 'advantage', 'conflict', 'surprise']"
Whatcha Got There,General Public,Relatable,"['curiosity', 'suspicion', 'discovery', 'secrets', 'intrigue']"
What did it cost,Millennials,Sarcastic,"['sacrifice', 'loss', 'consequence', 'trade-off', 'questioning']"
What Gives People Feelings of Power,General Public,Relatable,"['power', 'satisfaction', 'accomplishment', 'pride', 'fulfillment']"
What if i told you,Millennials,Witty,"['revelation', 'secret', 'knowledge', 'surprise', 'truth']"
What s on your mind,General Public,Wholesome,"['thoughts', 'sharing', 'communication', 'empathy', 'listening']"
where monkey,Gen Z,Absurd,"['confusion', 'search', 'animal', 'humor', 'random']"
whe i m in a competition and my opponent is,Students,Relatable,"['competition', 'challenge', 'opponent', 'anxiety', 'rivalry']"
who is that pokemon,Gamers,Witty,"['guessing', 'surprise', 'game', 'mystery', 'fun']"
Who Killed Hannibal,Young Adults,Sarcastic,"['blame', 'mystery', 'crime', 'accusation', 'guilt']"
Who wants change,Professionals,Witty,"['change', 'progress', 'improvement', 'effort', 'resistance']"
Why Can t I Hold All These Limes,General Public,Absurd,"['overwhelm', 'struggle', 'excess', 'failure', 'humor']"
Why Can t You Just Be Normal,Parents,Relatable,"['frustration', 'normality', 'behavior', 'conflict', 'expectation']"
Why is my sister s name Rose,Gen Z,Witty,"['family', 'naming', 'curiosity', 'comparison', 'question']"
Why would they do this,Millennials,Sarcastic,"['confusion', 'action', 'questioning', 'bewilderment', 'criticism']"
Why you no,Gen Z,Cringe,"['frustration', 'demand', 'question', 'expectation', 'disappointment']"
willem dafoe looking up,Young Adults,Absurd,"['surprise', 'reaction', 'expression', 'shock', 'humor']"
Will Smith punching Chris Rock,Millennials,Sarcastic,"['conflict', 'celebrities', 'shock', 'drama', 'reaction']"
Windows Error Message,Professionals,Witty,"['error', 'technology', 'frustration', 'failure', 'computer']"
Winter Is Coming,General Public,Sarcastic,"['anticipation', 'warning', 'Game of Thrones', 'preparation', 'serious']"
Wolverine Remember,Millennials,Relatable,"['nostalgia', 'longing', 'sadness', 'reflection', 'Marvel']"
Woman Shouting Knives,Young Adults,Absurd,"['drama', 'exaggeration', 'argument', 'intensity', 'conflict']"
Woman Yelling At Cat,Millennials,Absurd,"['miscommunication', 'conflict', 'reaction', 'defiance', 'disbelief']"
Won t somebody think of the children,Parents,Sarcastic,"['concern', 'exaggeration', 'parenting', 'drama', 'hyperbole']"
Woody and Buzz Lightyear Everywhere Widescreen,General Public,Witty,"['observation', 'realization', 'Toy Story', 'surprise', 'omnipresence']"
worship the lord,General Public,Wholesome,"['faith', 'devotion', 'religion', 'worship', 'spirituality']"
Worst day of my life,Young Adults,Sarcastic,"['misfortune', 'exaggeration', 'bad luck', 'disappointment', 'frustration']"
Worst mistake of my life,Young Adults,Relatable,"['regret', 'mistake', 'acknowledgment', 'disappointment', 'frustration']"
Xbox Achievement,Gamers,Witty,"['achievement', 'gaming', 'accomplishment', 'reward', 'Xbox']"
X All The Y,Millennials,Absurd,"['enthusiasm', 'exaggeration', 'excitement', 'overkill', 'hyperbole']"
X but Y,General Public,Witty,"['contrast', 'comparison', 'twist', 'unexpected', 'surprise']"
Yelling Beaver,Gen Z,Absurd,"['anger', 'animal', 'exaggeration', 'beaver', 'yelling']"
Yes Dear,Parents,Wholesome,"['agreement', 'submission', 'marriage', 'compromise', 'patience']"
Yhorm Dark Souls,Gamers,Witty,"['challenge', 'gaming', 'Dark Souls', 'boss battle', 'struggle']"
Yoda Begun The Clone War Has,General Public,Witty,"['Star Wars', 'Yoda', 'war', 'beginning', 'conflict']"
Young Thug and Lil Durk troubleshooting,Gen Z,Relatable,"['confusion', 'troubleshooting', 'music', 'technology', 'rap']"
You can excuse racism  blank ,Young Adults,Sarcastic,"['racism', 'excuse', 'criticism', 'social issue', 'controversy']"
You Guys always act like you re better than me,Students,Relatable,"['comparison', 'inferiority', 'resentment', 'conflict', 'rivalry']"
You Guys are Getting Paid,Professionals,Sarcastic,"['work', 'payment', 'surprise', 'injustice', 'job']"
You know  I m something of a scientist myself,General Public,Witty,"['self-deprecating', 'smart', 'ironic', 'humorous', 'sarcastic', 'science', 'knowledge', 'expert']"
You Merely Adopted X I Was Born In It Molded By It,Millennials,Sarcastic,"['adaptation', 'origin', 'experience', 'superiority', 'dark', 'intense']"
You re a wizard harry,Millennials,Wholesome,"['magic', 'surprise', 'Harry Potter', 'fantasy', 'revelation', 'fate']"
You re laughing,Gen Z,Cringe,"['mockery', 'disbelief', 'shock', 'sarcasm', 'judgment', 'humor']"
You Should Feel Bad Zoidberg,Millennials,Sarcastic,"['guilt', 'judgment', 'Futurama', 'criticism', 'blame', 'shame']"
You Were The Chosen One  Star Wars,Millennials,Relatable,"['betrayal', 'disappointment', 'Star Wars', 'failure', 'expectations']"
You wouldn t X a Y,Young Adults,Sarcastic,"['question', 'doubt', 'challenge', 'accusation', 'hypocrisy']"
Yo Dawg Heard You,Millennials,Relatable,"['irony', 'repetition', 'exaggeration', 'humor', 'informal']"
Yu Gi Oh Dramatic Crossroads,Gamers,Absurd,"['dilemma', 'decision', 'drama', 'Yu-Gi-Oh', 'tension', 'game']"
Y all Got Any More Of That,General Public,Relatable,"['desire', 'addiction', 'request', 'craving', 'humor']"
Y U No,Gen Z,Cringe,"['frustration', 'question', 'demand', 'exclamation', 'disbelief']"
Zombieland money tears,Young Adults,Sarcastic,"['wealth', 'crying', 'irony', 'money', 'humor', 'Zombieland']"
Zoolander Stare TT,Millennials,Witty,"['intense', 'stare', 'model', 'competition', 'Zoolander', 'humor']"
We did it  Patrick  We saved the City,Gen Z,Absurd,"['irony', 'failure', 'SpongeBob', 'misunderstanding', 'destruction', 'humor']"
